timestamp_ms,key_code,event_type,key_class,is_modifier,session_id,user_id
timestamp_ms,key_code,event_type,key_class,is_modifier,session_id,user_id
2560.9069,CapsLock,down,special,false,20260308_115701,trang_nguyen_s1
timestamp_ms,key_code,event_type,key_class,is_modifier,session_id,user_id
2680.2733000000003,CapsLock,up,special,false,20260308_115701,trang_nguyen_s1
timestamp_ms,key_code,event_type,key_class,is_modifier,session_id,user_id
3673.0897000000004,KeyT,down,alpha,false,20260308_115701,trang_nguyen_s1
timestamp_ms,key_code,event_type,key_class,is_modifier,session_id,user_id
3760.3557,KeyT,up,alpha,false,20260308_115701,trang_nguyen_s1
timestamp_ms,key_code,event_type,key_class,is_modifier,session_id,user_id
3816.8544,CapsLock,down,special,false,20260308_115701,trang_nguyen_s1
timestamp_ms,key_code,event_type,key_class,is_modifier,session_id,user_id
3888.2206,CapsLock,up,special,false,20260308_115701,trang_nguyen_s1
timestamp_ms,key_code,event_type,key_class,is_modifier,session_id,user_id
4016.8654000000006,KeyR,down,alpha,false,20260308_115701,trang_nguyen_s1
timestamp_ms,key_code,event_type,key_class,is_modifier,session_id,user_id
4104.3374,KeyR,up,alpha,false,20260308_115701,trang_nguyen_s1
timestamp_ms,key_code,event_type,key_class,is_modifier,session_id,user_id
4472.346100000001,KeyU,down,alpha,false,20260308_115701,trang_nguyen_s1
timestamp_ms,key_code,event_type,key_class,is_modifier,session_id,user_id
4560.8516,KeyU,up,alpha,false,20260308_115701,trang_nguyen_s1
timestamp_ms,key_code,event_type,key_class,is_modifier,session_id,user_id
4696.921899999999,KeyO,down,alpha,false,20260308_115701,trang_nguyen_s1
timestamp_ms,key_code,event_type,key_class,is_modifier,session_id,user_id
4808.8462,KeyN,down,alpha,false,20260308_115701,trang_nguyen_s1
timestamp_ms,key_code,event_type,key_class,is_modifier,session_id,user_id
4832.311299999999,KeyO,up,alpha,false,20260308_115701,trang_nguyen_s1
timestamp_ms,key_code,event_type,key_class,is_modifier,session_id,user_id
4872.9757,KeyG,down,alpha,false,20260308_115701,trang_nguyen_s1
timestamp_ms,key_code,event_type,key_class,is_modifier,session_id,user_id
4904.4093,KeyN,up,alpha,false,20260308_115701,trang_nguyen_s1
timestamp_ms,key_code,event_type,key_class,is_modifier,session_id,user_id
4944.393599999999,KeyG,up,alpha,false,20260308_115701,trang_nguyen_s1
timestamp_ms,key_code,event_type,key_class,is_modifier,session_id,user_id
5288.8011,Space,down,alpha,false,20260308_115701,trang_nguyen_s1
timestamp_ms,key_code,event_type,key_class,is_modifier,session_id,user_id
5392.355799999999,Space,up,alpha,false,20260308_115701,trang_nguyen_s1
timestamp_ms,key_code,event_type,key_class,is_modifier,session_id,user_id
6336.8117999999995,CapsLock,down,special,false,20260308_115701,trang_nguyen_s1
timestamp_ms,key_code,event_type,key_class,is_modifier,session_id,user_id
6424.3384,CapsLock,up,special,false,20260308_115701,trang_nguyen_s1
timestamp_ms,key_code,event_type,key_class,is_modifier,session_id,user_id
6528.649899999999,KeyD,down,alpha,false,20260308_115701,trang_nguyen_s1
timestamp_ms,key_code,event_type,key_class,is_modifier,session_id,user_id
6584.3114,KeyD,up,alpha,false,20260308_115701,trang_nguyen_s1
timestamp_ms,key_code,event_type,key_class,is_modifier,session_id,user_id
6648.7495,CapsLock,down,special,false,20260308_115701,trang_nguyen_s1
timestamp_ms,key_code,event_type,key_class,is_modifier,session_id,user_id
6784.3271,CapsLock,up,special,false,20260308_115701,trang_nguyen_s1
timestamp_ms,key_code,event_type,key_class,is_modifier,session_id,user_id
7064.771000000001,KeyA,down,alpha,false,20260308_115701,trang_nguyen_s1
timestamp_ms,key_code,event_type,key_class,is_modifier,session_id,user_id
7168.3116,KeyA,up,alpha,false,20260308_115701,trang_nguyen_s1
timestamp_ms,key_code,event_type,key_class,is_modifier,session_id,user_id
7328.7154,KeyI,down,alpha,false,20260308_115701,trang_nguyen_s1
timestamp_ms,key_code,event_type,key_class,is_modifier,session_id,user_id
7400.2341,KeyI,up,alpha,false,20260308_115701,trang_nguyen_s1
timestamp_ms,key_code,event_type,key_class,is_modifier,session_id,user_id
10312.873599999999,CapsLock,down,special,false,20260308_115701,trang_nguyen_s1
timestamp_ms,key_code,event_type,key_class,is_modifier,session_id,user_id
10408.2838,CapsLock,up,special,false,20260308_115701,trang_nguyen_s1
timestamp_ms,key_code,event_type,key_class,is_modifier,session_id,user_id
10776.8316,CapsLock,down,special,false,20260308_115701,trang_nguyen_s1
timestamp_ms,key_code,event_type,key_class,is_modifier,session_id,user_id
10864.3107,CapsLock,up,special,false,20260308_115701,trang_nguyen_s1
timestamp_ms,key_code,event_type,key_class,is_modifier,session_id,user_id
12720.4356,KeyH,down,alpha,false,20260308_115701,trang_nguyen_s1
timestamp_ms,key_code,event_type,key_class,is_modifier,session_id,user_id
12784.235799999999,KeyH,up,alpha,false,20260308_115701,trang_nguyen_s1
timestamp_ms,key_code,event_type,key_class,is_modifier,session_id,user_id
12968.8131,KeyO,down,alpha,false,20260308_115701,trang_nguyen_s1
timestamp_ms,key_code,event_type,key_class,is_modifier,session_id,user_id
13056.3938,KeyO,up,alpha,false,20260308_115701,trang_nguyen_s1
timestamp_ms,key_code,event_type,key_class,is_modifier,session_id,user_id
13096.9228,KeyC,down,alpha,false,20260308_115701,trang_nguyen_s1
timestamp_ms,key_code,event_type,key_class,is_modifier,session_id,user_id
13152.368299999998,KeyC,up,alpha,false,20260308_115701,trang_nguyen_s1
timestamp_ms,key_code,event_type,key_class,is_modifier,session_id,user_id
13736.9842,Backspace,down,special,false,20260308_115701,trang_nguyen_s1
timestamp_ms,key_code,event_type,key_class,is_modifier,session_id,user_id
13784.4482,Backspace,up,special,false,20260308_115701,trang_nguyen_s1
timestamp_ms,key_code,event_type,key_class,is_modifier,session_id,user_id
13904.8268,Backspace,down,special,false,20260308_115701,trang_nguyen_s1
timestamp_ms,key_code,event_type,key_class,is_modifier,session_id,user_id
13960.3694,Backspace,up,special,false,20260308_115701,trang_nguyen_s1
timestamp_ms,key_code,event_type,key_class,is_modifier,session_id,user_id
14104.7371,Backspace,down,special,false,20260308_115701,trang_nguyen_s1
timestamp_ms,key_code,event_type,key_class,is_modifier,session_id,user_id
14168.3867,Backspace,up,special,false,20260308_115701,trang_nguyen_s1
timestamp_ms,key_code,event_type,key_class,is_modifier,session_id,user_id
15312.949200000001,Space,down,alpha,false,20260308_115701,trang_nguyen_s1
timestamp_ms,key_code,event_type,key_class,is_modifier,session_id,user_id
15416.386700000001,Space,up,alpha,false,20260308_115701,trang_nguyen_s1
timestamp_ms,key_code,event_type,key_class,is_modifier,session_id,user_id
16368.785500000002,KeyH,down,alpha,false,20260308_115701,trang_nguyen_s1
timestamp_ms,key_code,event_type,key_class,is_modifier,session_id,user_id
16384.223299999998,KeyH,up,alpha,false,20260308_115701,trang_nguyen_s1
timestamp_ms,key_code,event_type,key_class,is_modifier,session_id,user_id
17001.057500000003,KeyO,down,alpha,false,20260308_115701,trang_nguyen_s1
timestamp_ms,key_code,event_type,key_class,is_modifier,session_id,user_id
17096.340399999997,KeyO,up,alpha,false,20260308_115701,trang_nguyen_s1
timestamp_ms,key_code,event_type,key_class,is_modifier,session_id,user_id
17176.9585,KeyC,down,alpha,false,20260308_115701,trang_nguyen_s1
timestamp_ms,key_code,event_type,key_class,is_modifier,session_id,user_id
17256.5075,KeyC,up,alpha,false,20260308_115701,trang_nguyen_s1
timestamp_ms,key_code,event_type,key_class,is_modifier,session_id,user_id
17472.602899999998,Space,down,alpha,false,20260308_115701,trang_nguyen_s1
timestamp_ms,key_code,event_type,key_class,is_modifier,session_id,user_id
17616.4653,Space,up,alpha,false,20260308_115701,trang_nguyen_s1
timestamp_ms,key_code,event_type,key_class,is_modifier,session_id,user_id
17904.8706,CapsLock,down,special,false,20260308_115701,trang_nguyen_s1
timestamp_ms,key_code,event_type,key_class,is_modifier,session_id,user_id
17984.1227,CapsLock,up,special,false,20260308_115701,trang_nguyen_s1
timestamp_ms,key_code,event_type,key_class,is_modifier,session_id,user_id
18200.6688,KeyC,down,alpha,false,20260308_115701,trang_nguyen_s1
timestamp_ms,key_code,event_type,key_class,is_modifier,session_id,user_id
18280.2145,KeyC,up,alpha,false,20260308_115701,trang_nguyen_s1
timestamp_ms,key_code,event_type,key_class,is_modifier,session_id,user_id
18337.0731,CapsLock,down,special,false,20260308_115701,trang_nguyen_s1
timestamp_ms,key_code,event_type,key_class,is_modifier,session_id,user_id
18456.205,CapsLock,up,special,false,20260308_115701,trang_nguyen_s1
timestamp_ms,key_code,event_type,key_class,is_modifier,session_id,user_id
18544.5678,KeyO,down,alpha,false,20260308_115701,trang_nguyen_s1
timestamp_ms,key_code,event_type,key_class,is_modifier,session_id,user_id
18664.1842,KeyO,up,alpha,false,20260308_115701,trang_nguyen_s1
timestamp_ms,key_code,event_type,key_class,is_modifier,session_id,user_id
18688.591800000002,KeyN,down,alpha,false,20260308_115701,trang_nguyen_s1
timestamp_ms,key_code,event_type,key_class,is_modifier,session_id,user_id
18736.0502,KeyN,up,alpha,false,20260308_115701,trang_nguyen_s1
timestamp_ms,key_code,event_type,key_class,is_modifier,session_id,user_id
18737.0552,KeyG,down,alpha,false,20260308_115701,trang_nguyen_s1
timestamp_ms,key_code,event_type,key_class,is_modifier,session_id,user_id
18824.2902,KeyG,up,alpha,false,20260308_115701,trang_nguyen_s1
timestamp_ms,key_code,event_type,key_class,is_modifier,session_id,user_id
19048.3828,Space,down,alpha,false,20260308_115701,trang_nguyen_s1
timestamp_ms,key_code,event_type,key_class,is_modifier,session_id,user_id
19136.3568,Space,up,alpha,false,20260308_115701,trang_nguyen_s1
timestamp_ms,key_code,event_type,key_class,is_modifier,session_id,user_id
19289.0132,KeyN,down,alpha,false,20260308_115701,trang_nguyen_s1
timestamp_ms,key_code,event_type,key_class,is_modifier,session_id,user_id
19360.3344,KeyN,up,alpha,false,20260308_115701,trang_nguyen_s1
timestamp_ms,key_code,event_type,key_class,is_modifier,session_id,user_id
19416.8986,KeyG,down,alpha,false,20260308_115701,trang_nguyen_s1
timestamp_ms,key_code,event_type,key_class,is_modifier,session_id,user_id
19488.3564,KeyG,up,alpha,false,20260308_115701,trang_nguyen_s1
timestamp_ms,key_code,event_type,key_class,is_modifier,session_id,user_id
19592.8495,KeyH,down,alpha,false,20260308_115701,trang_nguyen_s1
timestamp_ms,key_code,event_type,key_class,is_modifier,session_id,user_id
19688.397399999998,KeyH,up,alpha,false,20260308_115701,trang_nguyen_s1
timestamp_ms,key_code,event_type,key_class,is_modifier,session_id,user_id
19744.901299999998,KeyE,down,alpha,false,20260308_115701,trang_nguyen_s1
timestamp_ms,key_code,event_type,key_class,is_modifier,session_id,user_id
19768.4885,KeyE,up,alpha,false,20260308_115701,trang_nguyen_s1
timestamp_ms,key_code,event_type,key_class,is_modifier,session_id,user_id
20760.930099999998,Space,down,alpha,false,20260308_115701,trang_nguyen_s1
timestamp_ms,key_code,event_type,key_class,is_modifier,session_id,user_id
20840.344,Space,up,alpha,false,20260308_115701,trang_nguyen_s1
timestamp_ms,key_code,event_type,key_class,is_modifier,session_id,user_id
20984.6153,KeyL,down,alpha,false,20260308_115701,trang_nguyen_s1
timestamp_ms,key_code,event_type,key_class,is_modifier,session_id,user_id
21072.2751,KeyL,up,alpha,false,20260308_115701,trang_nguyen_s1
timestamp_ms,key_code,event_type,key_class,is_modifier,session_id,user_id
21089.1264,KeyA,down,alpha,false,20260308_115701,trang_nguyen_s1
timestamp_ms,key_code,event_type,key_class,is_modifier,session_id,user_id
21176.098199999997,KeyA,up,alpha,false,20260308_115701,trang_nguyen_s1
timestamp_ms,key_code,event_type,key_class,is_modifier,session_id,user_id
21232.6915,Space,down,alpha,false,20260308_115701,trang_nguyen_s1
timestamp_ms,key_code,event_type,key_class,is_modifier,session_id,user_id
21288.069799999997,Space,up,alpha,false,20260308_115701,trang_nguyen_s1
timestamp_ms,key_code,event_type,key_class,is_modifier,session_id,user_id
21424.4035,KeyM,down,alpha,false,20260308_115701,trang_nguyen_s1
timestamp_ms,key_code,event_type,key_class,is_modifier,session_id,user_id
21488.4948,KeyM,up,alpha,false,20260308_115701,trang_nguyen_s1
timestamp_ms,key_code,event_type,key_class,is_modifier,session_id,user_id
21656.5834,KeyO,down,alpha,false,20260308_115701,trang_nguyen_s1
timestamp_ms,key_code,event_type,key_class,is_modifier,session_id,user_id
21736.092200000003,KeyO,up,alpha,false,20260308_115701,trang_nguyen_s1
timestamp_ms,key_code,event_type,key_class,is_modifier,session_id,user_id
21776.522,KeyT,down,alpha,false,20260308_115701,trang_nguyen_s1
timestamp_ms,key_code,event_type,key_class,is_modifier,session_id,user_id
21848.2842,KeyT,up,alpha,false,20260308_115701,trang_nguyen_s1
timestamp_ms,key_code,event_type,key_class,is_modifier,session_id,user_id
21921.2153,Space,down,alpha,false,20260308_115701,trang_nguyen_s1
timestamp_ms,key_code,event_type,key_class,is_modifier,session_id,user_id
21992.7363,Space,up,alpha,false,20260308_115701,trang_nguyen_s1
timestamp_ms,key_code,event_type,key_class,is_modifier,session_id,user_id
22202.5085,KeyT,down,alpha,false,20260308_115701,trang_nguyen_s1
timestamp_ms,key_code,event_type,key_class,is_modifier,session_id,user_id
22275.6898,KeyR,down,alpha,false,20260308_115701,trang_nguyen_s1
timestamp_ms,key_code,event_type,key_class,is_modifier,session_id,user_id
22288.2529,KeyT,up,alpha,false,20260308_115701,trang_nguyen_s1
timestamp_ms,key_code,event_type,key_class,is_modifier,session_id,user_id
22368.6309,KeyO,down,alpha,false,20260308_115701,trang_nguyen_s1
timestamp_ms,key_code,event_type,key_class,is_modifier,session_id,user_id
22376.170899999997,KeyR,up,alpha,false,20260308_115701,trang_nguyen_s1
timestamp_ms,key_code,event_type,key_class,is_modifier,session_id,user_id
22457.0307,KeyN,down,alpha,false,20260308_115701,trang_nguyen_s1
timestamp_ms,key_code,event_type,key_class,is_modifier,session_id,user_id
22480.5511,KeyO,up,alpha,false,20260308_115701,trang_nguyen_s1
timestamp_ms,key_code,event_type,key_class,is_modifier,session_id,user_id
22536.5336,KeyN,up,alpha,false,20260308_115701,trang_nguyen_s1
timestamp_ms,key_code,event_type,key_class,is_modifier,session_id,user_id
22545.254100000002,KeyG,down,alpha,false,20260308_115701,trang_nguyen_s1
timestamp_ms,key_code,event_type,key_class,is_modifier,session_id,user_id
22608.1522,KeyG,up,alpha,false,20260308_115701,trang_nguyen_s1
timestamp_ms,key_code,event_type,key_class,is_modifier,session_id,user_id
22681.7101,Space,down,alpha,false,20260308_115701,trang_nguyen_s1
timestamp_ms,key_code,event_type,key_class,is_modifier,session_id,user_id
22752.194,Space,up,alpha,false,20260308_115701,trang_nguyen_s1
timestamp_ms,key_code,event_type,key_class,is_modifier,session_id,user_id
23576.343399999998,KeyN,down,alpha,false,20260308_115701,trang_nguyen_s1
timestamp_ms,key_code,event_type,key_class,is_modifier,session_id,user_id
23656.2396,KeyN,up,alpha,false,20260308_115701,trang_nguyen_s1
timestamp_ms,key_code,event_type,key_class,is_modifier,session_id,user_id
23768.3396,KeyH,down,alpha,false,20260308_115701,trang_nguyen_s1
timestamp_ms,key_code,event_type,key_class,is_modifier,session_id,user_id
23848.1054,KeyH,up,alpha,false,20260308_115701,trang_nguyen_s1
timestamp_ms,key_code,event_type,key_class,is_modifier,session_id,user_id
23976.5038,KeyU,down,alpha,false,20260308_115701,trang_nguyen_s1
timestamp_ms,key_code,event_type,key_class,is_modifier,session_id,user_id
24032.7055,KeyN,down,alpha,false,20260308_115701,trang_nguyen_s1
timestamp_ms,key_code,event_type,key_class,is_modifier,session_id,user_id
24072.260700000003,KeyU,up,alpha,false,20260308_115701,trang_nguyen_s1
timestamp_ms,key_code,event_type,key_class,is_modifier,session_id,user_id
24104.4272,KeyN,up,alpha,false,20260308_115701,trang_nguyen_s1
timestamp_ms,key_code,event_type,key_class,is_modifier,session_id,user_id
24217.540100000002,KeyG,down,alpha,false,20260308_115701,trang_nguyen_s1
timestamp_ms,key_code,event_type,key_class,is_modifier,session_id,user_id
24296.357799999998,KeyG,up,alpha,false,20260308_115701,trang_nguyen_s1
timestamp_ms,key_code,event_type,key_class,is_modifier,session_id,user_id
24928.6637,Space,down,alpha,false,20260308_115701,trang_nguyen_s1
timestamp_ms,key_code,event_type,key_class,is_modifier,session_id,user_id
25008.388,Space,up,alpha,false,20260308_115701,trang_nguyen_s1
timestamp_ms,key_code,event_type,key_class,is_modifier,session_id,user_id
25152.6618,KeyT,down,alpha,false,20260308_115701,trang_nguyen_s1
timestamp_ms,key_code,event_type,key_class,is_modifier,session_id,user_id
25226.0631,KeyR,down,alpha,false,20260308_115701,trang_nguyen_s1
timestamp_ms,key_code,event_type,key_class,is_modifier,session_id,user_id
25248.6806,KeyT,up,alpha,false,20260308_115701,trang_nguyen_s1
timestamp_ms,key_code,event_type,key_class,is_modifier,session_id,user_id
25328.2264,KeyR,up,alpha,false,20260308_115701,trang_nguyen_s1
timestamp_ms,key_code,event_type,key_class,is_modifier,session_id,user_id
25376.8865,KeyU,down,alpha,false,20260308_115701,trang_nguyen_s1
timestamp_ms,key_code,event_type,key_class,is_modifier,session_id,user_id
25384.6764,KeyI,down,alpha,false,20260308_115701,trang_nguyen_s1
timestamp_ms,key_code,event_type,key_class,is_modifier,session_id,user_id
25424.6179,KeyU,up,alpha,false,20260308_115701,trang_nguyen_s1
timestamp_ms,key_code,event_type,key_class,is_modifier,session_id,user_id
25425.185299999997,KeyI,up,alpha,false,20260308_115701,trang_nguyen_s1
timestamp_ms,key_code,event_type,key_class,is_modifier,session_id,user_id
28025.5188,Backspace,down,special,false,20260308_115701,trang_nguyen_s1
timestamp_ms,key_code,event_type,key_class,is_modifier,session_id,user_id
28112.402599999998,Backspace,up,special,false,20260308_115701,trang_nguyen_s1
timestamp_ms,key_code,event_type,key_class,is_modifier,session_id,user_id
28216.7026,Backspace,down,special,false,20260308_115701,trang_nguyen_s1
timestamp_ms,key_code,event_type,key_class,is_modifier,session_id,user_id
28280.352300000002,Backspace,up,special,false,20260308_115701,trang_nguyen_s1
timestamp_ms,key_code,event_type,key_class,is_modifier,session_id,user_id
28785.683800000003,Backspace,down,special,false,20260308_115701,trang_nguyen_s1
timestamp_ms,key_code,event_type,key_class,is_modifier,session_id,user_id
28832.268,Backspace,up,special,false,20260308_115701,trang_nguyen_s1
timestamp_ms,key_code,event_type,key_class,is_modifier,session_id,user_id
28945.3073,Backspace,down,special,false,20260308_115701,trang_nguyen_s1
timestamp_ms,key_code,event_type,key_class,is_modifier,session_id,user_id
29000.322799999998,Backspace,up,special,false,20260308_115701,trang_nguyen_s1
timestamp_ms,key_code,event_type,key_class,is_modifier,session_id,user_id
29169.1997,Backspace,down,special,false,20260308_115701,trang_nguyen_s1
timestamp_ms,key_code,event_type,key_class,is_modifier,session_id,user_id
29240.313700000002,Backspace,up,special,false,20260308_115701,trang_nguyen_s1
timestamp_ms,key_code,event_type,key_class,is_modifier,session_id,user_id
29528.5464,Alt,down,modifier,true,20260308_115701,trang_nguyen_s1
timestamp_ms,key_code,event_type,key_class,is_modifier,session_id,user_id
29585.993,Tab,down,special,false,20260308_115701,trang_nguyen_s1
timestamp_ms,key_code,event_type,key_class,is_modifier,session_id,user_id
29664.4376,Alt,up,modifier,true,20260308_115701,trang_nguyen_s1
timestamp_ms,key_code,event_type,key_class,is_modifier,session_id,user_id
29696.4896,Tab,up,special,false,20260308_115701,trang_nguyen_s1
timestamp_ms,key_code,event_type,key_class,is_modifier,session_id,user_id
31888.8027,KeyE,down,alpha,false,20260308_115701,trang_nguyen_s1
timestamp_ms,key_code,event_type,key_class,is_modifier,session_id,user_id
31944.3728,KeyE,up,alpha,false,20260308_115701,trang_nguyen_s1
timestamp_ms,key_code,event_type,key_class,is_modifier,session_id,user_id
32017.563099999996,KeyE,down,alpha,false,20260308_115701,trang_nguyen_s1
timestamp_ms,key_code,event_type,key_class,is_modifier,session_id,user_id
32088.363299999997,KeyE,up,alpha,false,20260308_115701,trang_nguyen_s1
timestamp_ms,key_code,event_type,key_class,is_modifier,session_id,user_id
32320.8814,Space,down,alpha,false,20260308_115701,trang_nguyen_s1
timestamp_ms,key_code,event_type,key_class,is_modifier,session_id,user_id
32392.236599999997,Space,up,alpha,false,20260308_115701,trang_nguyen_s1
timestamp_ms,key_code,event_type,key_class,is_modifier,session_id,user_id
32464.4754,KeyS,down,alpha,false,20260308_115701,trang_nguyen_s1
timestamp_ms,key_code,event_type,key_class,is_modifier,session_id,user_id
32592.248900000002,KeyS,up,alpha,false,20260308_115701,trang_nguyen_s1
timestamp_ms,key_code,event_type,key_class,is_modifier,session_id,user_id
32600.8025,KeyA,down,alpha,false,20260308_115701,trang_nguyen_s1
timestamp_ms,key_code,event_type,key_class,is_modifier,session_id,user_id
32689.891099999997,KeyO,down,alpha,false,20260308_115701,trang_nguyen_s1
timestamp_ms,key_code,event_type,key_class,is_modifier,session_id,user_id
32720.259,KeyA,up,alpha,false,20260308_115701,trang_nguyen_s1
timestamp_ms,key_code,event_type,key_class,is_modifier,session_id,user_id
32784.2127,KeyO,up,alpha,false,20260308_115701,trang_nguyen_s1
timestamp_ms,key_code,event_type,key_class,is_modifier,session_id,user_id
32824.8163,Space,down,alpha,false,20260308_115701,trang_nguyen_s1
timestamp_ms,key_code,event_type,key_class,is_modifier,session_id,user_id
32880.2984,Space,up,alpha,false,20260308_115701,trang_nguyen_s1
timestamp_ms,key_code,event_type,key_class,is_modifier,session_id,user_id
32968.5803,KeyK,down,alpha,false,20260308_115701,trang_nguyen_s1
timestamp_ms,key_code,event_type,key_class,is_modifier,session_id,user_id
33048.1942,KeyK,up,alpha,false,20260308_115701,trang_nguyen_s1
timestamp_ms,key_code,event_type,key_class,is_modifier,session_id,user_id
33153.7905,KeyH,down,alpha,false,20260308_115701,trang_nguyen_s1
timestamp_ms,key_code,event_type,key_class,is_modifier,session_id,user_id
33224.2167,KeyH,up,alpha,false,20260308_115701,trang_nguyen_s1
timestamp_ms,key_code,event_type,key_class,is_modifier,session_id,user_id
33369.9188,KeyI,down,alpha,false,20260308_115701,trang_nguyen_s1
timestamp_ms,key_code,event_type,key_class,is_modifier,session_id,user_id
33456.3996,KeyI,up,alpha,false,20260308_115701,trang_nguyen_s1
timestamp_ms,key_code,event_type,key_class,is_modifier,session_id,user_id
33553.6607,Space,down,alpha,false,20260308_115701,trang_nguyen_s1
timestamp_ms,key_code,event_type,key_class,is_modifier,session_id,user_id
33632.4594,Space,up,alpha,false,20260308_115701,trang_nguyen_s1
timestamp_ms,key_code,event_type,key_class,is_modifier,session_id,user_id
36352.8873,KeyG,down,alpha,false,20260308_115701,trang_nguyen_s1
timestamp_ms,key_code,event_type,key_class,is_modifier,session_id,user_id
36416.3303,KeyG,up,alpha,false,20260308_115701,trang_nguyen_s1
timestamp_ms,key_code,event_type,key_class,is_modifier,session_id,user_id
36448.9504,KeyO,down,alpha,false,20260308_115701,trang_nguyen_s1
timestamp_ms,key_code,event_type,key_class,is_modifier,session_id,user_id
36520.384399999995,KeyO,up,alpha,false,20260308_115701,trang_nguyen_s1
timestamp_ms,key_code,event_type,key_class,is_modifier,session_id,user_id
36585.1623,KeyX,down,alpha,false,20260308_115701,trang_nguyen_s1
timestamp_ms,key_code,event_type,key_class,is_modifier,session_id,user_id
36672.2978,KeyX,up,alpha,false,20260308_115701,trang_nguyen_s1
timestamp_ms,key_code,event_type,key_class,is_modifier,session_id,user_id
36768.9071,Space,down,alpha,false,20260308_115701,trang_nguyen_s1
timestamp_ms,key_code,event_type,key_class,is_modifier,session_id,user_id
36824.244999999995,Space,up,alpha,false,20260308_115701,trang_nguyen_s1
timestamp_ms,key_code,event_type,key_class,is_modifier,session_id,user_id
36960.976,KeyD,down,alpha,false,20260308_115701,trang_nguyen_s1
timestamp_ms,key_code,event_type,key_class,is_modifier,session_id,user_id
37016.2491,KeyD,up,alpha,false,20260308_115701,trang_nguyen_s1
timestamp_ms,key_code,event_type,key_class,is_modifier,session_id,user_id
37104.956,KeyD,down,alpha,false,20260308_115701,trang_nguyen_s1
timestamp_ms,key_code,event_type,key_class,is_modifier,session_id,user_id
37168.2227,KeyD,up,alpha,false,20260308_115701,trang_nguyen_s1
timestamp_ms,key_code,event_type,key_class,is_modifier,session_id,user_id
37177.4392,KeyO,down,alpha,false,20260308_115701,trang_nguyen_s1
timestamp_ms,key_code,event_type,key_class,is_modifier,session_id,user_id
37264.168300000005,KeyO,up,alpha,false,20260308_115701,trang_nguyen_s1
timestamp_ms,key_code,event_type,key_class,is_modifier,session_id,user_id
37280.9587,KeyA,down,alpha,false,20260308_115701,trang_nguyen_s1
timestamp_ms,key_code,event_type,key_class,is_modifier,session_id,user_id
37376.2672,KeyA,up,alpha,false,20260308_115701,trang_nguyen_s1
timestamp_ms,key_code,event_type,key_class,is_modifier,session_id,user_id
37400.9073,KeyN,down,alpha,false,20260308_115701,trang_nguyen_s1
timestamp_ms,key_code,event_type,key_class,is_modifier,session_id,user_id
37464.3182,KeyN,up,alpha,false,20260308_115701,trang_nguyen_s1
timestamp_ms,key_code,event_type,key_class,is_modifier,session_id,user_id
37553.036499999995,KeyJ,down,alpha,false,20260308_115701,trang_nguyen_s1
timestamp_ms,key_code,event_type,key_class,is_modifier,session_id,user_id
37632.2514,KeyJ,up,alpha,false,20260308_115701,trang_nguyen_s1
timestamp_ms,key_code,event_type,key_class,is_modifier,session_id,user_id
38232.8967,Space,down,alpha,false,20260308_115701,trang_nguyen_s1
timestamp_ms,key_code,event_type,key_class,is_modifier,session_id,user_id
38352.364100000006,Space,up,alpha,false,20260308_115701,trang_nguyen_s1
timestamp_ms,key_code,event_type,key_class,is_modifier,session_id,user_id
38504.8432,KeyV,down,alpha,false,20260308_115701,trang_nguyen_s1
timestamp_ms,key_code,event_type,key_class,is_modifier,session_id,user_id
38568.3001,KeyV,up,alpha,false,20260308_115701,trang_nguyen_s1
timestamp_ms,key_code,event_type,key_class,is_modifier,session_id,user_id
38601.0798,KeyA,down,alpha,false,20260308_115701,trang_nguyen_s1
timestamp_ms,key_code,event_type,key_class,is_modifier,session_id,user_id
38736.3376,KeyA,up,alpha,false,20260308_115701,trang_nguyen_s1
timestamp_ms,key_code,event_type,key_class,is_modifier,session_id,user_id
38753.033,KeyN,down,alpha,false,20260308_115701,trang_nguyen_s1
timestamp_ms,key_code,event_type,key_class,is_modifier,session_id,user_id
38793.2405,KeyW,down,alpha,false,20260308_115701,trang_nguyen_s1
timestamp_ms,key_code,event_type,key_class,is_modifier,session_id,user_id
38864.3413,KeyW,up,alpha,false,20260308_115701,trang_nguyen_s1
timestamp_ms,key_code,event_type,key_class,is_modifier,session_id,user_id
38872.318999999996,KeyN,up,alpha,false,20260308_115701,trang_nguyen_s1
timestamp_ms,key_code,event_type,key_class,is_modifier,session_id,user_id
38920.9718,Space,down,alpha,false,20260308_115701,trang_nguyen_s1
timestamp_ms,key_code,event_type,key_class,is_modifier,session_id,user_id
38984.329000000005,Space,up,alpha,false,20260308_115701,trang_nguyen_s1
timestamp_ms,key_code,event_type,key_class,is_modifier,session_id,user_id
39192.855299999996,KeyA,down,alpha,false,20260308_115701,trang_nguyen_s1
timestamp_ms,key_code,event_type,key_class,is_modifier,session_id,user_id
39256.3332,KeyA,up,alpha,false,20260308_115701,trang_nguyen_s1
timestamp_ms,key_code,event_type,key_class,is_modifier,session_id,user_id
39352.9425,KeyA,down,alpha,false,20260308_115701,trang_nguyen_s1
timestamp_ms,key_code,event_type,key_class,is_modifier,session_id,user_id
39448.5054,KeyA,up,alpha,false,20260308_115701,trang_nguyen_s1
timestamp_ms,key_code,event_type,key_class,is_modifier,session_id,user_id
39480.7043,KeyY,down,alpha,false,20260308_115701,trang_nguyen_s1
timestamp_ms,key_code,event_type,key_class,is_modifier,session_id,user_id
39520.883400000006,KeyS,down,alpha,false,20260308_115701,trang_nguyen_s1
timestamp_ms,key_code,event_type,key_class,is_modifier,session_id,user_id
39552.2752,KeyY,up,alpha,false,20260308_115701,trang_nguyen_s1
timestamp_ms,key_code,event_type,key_class,is_modifier,session_id,user_id
39600.3727,KeyS,up,alpha,false,20260308_115701,trang_nguyen_s1
timestamp_ms,key_code,event_type,key_class,is_modifier,session_id,user_id
39633.1584,Space,down,alpha,false,20260308_115701,trang_nguyen_s1
timestamp_ms,key_code,event_type,key_class,is_modifier,session_id,user_id
39696.2998,Space,up,alpha,false,20260308_115701,trang_nguyen_s1
timestamp_ms,key_code,event_type,key_class,is_modifier,session_id,user_id
43520.963899999995,KeyB,down,alpha,false,20260308_115701,trang_nguyen_s1
timestamp_ms,key_code,event_type,key_class,is_modifier,session_id,user_id
43584.314399999996,KeyB,up,alpha,false,20260308_115701,trang_nguyen_s1
timestamp_ms,key_code,event_type,key_class,is_modifier,session_id,user_id
43600.9549,KeyA,down,alpha,false,20260308_115701,trang_nguyen_s1
timestamp_ms,key_code,event_type,key_class,is_modifier,session_id,user_id
43688.358100000005,KeyA,up,alpha,false,20260308_115701,trang_nguyen_s1
timestamp_ms,key_code,event_type,key_class,is_modifier,session_id,user_id
43713.163199999995,KeyN,down,alpha,false,20260308_115701,trang_nguyen_s1
timestamp_ms,key_code,event_type,key_class,is_modifier,session_id,user_id
43760.222200000004,KeyN,up,alpha,false,20260308_115701,trang_nguyen_s1
timestamp_ms,key_code,event_type,key_class,is_modifier,session_id,user_id
43880.7738,KeyJ,down,alpha,false,20260308_115701,trang_nguyen_s1
timestamp_ms,key_code,event_type,key_class,is_modifier,session_id,user_id
43944.2048,KeyJ,up,alpha,false,20260308_115701,trang_nguyen_s1
timestamp_ms,key_code,event_type,key_class,is_modifier,session_id,user_id
43952.9239,Space,down,alpha,false,20260308_115701,trang_nguyen_s1
timestamp_ms,key_code,event_type,key_class,is_modifier,session_id,user_id
44008.1897,Space,up,alpha,false,20260308_115701,trang_nguyen_s1
timestamp_ms,key_code,event_type,key_class,is_modifier,session_id,user_id
44681.266299999996,KeyG,down,alpha,false,20260308_115701,trang_nguyen_s1
timestamp_ms,key_code,event_type,key_class,is_modifier,session_id,user_id
44752.2684,KeyG,up,alpha,false,20260308_115701,trang_nguyen_s1
timestamp_ms,key_code,event_type,key_class,is_modifier,session_id,user_id
44785.070400000004,KeyH,down,alpha,false,20260308_115701,trang_nguyen_s1
timestamp_ms,key_code,event_type,key_class,is_modifier,session_id,user_id
44856.270899999996,KeyH,up,alpha,false,20260308_115701,trang_nguyen_s1
timestamp_ms,key_code,event_type,key_class,is_modifier,session_id,user_id
44968.7005,KeyI,down,alpha,false,20260308_115701,trang_nguyen_s1
timestamp_ms,key_code,event_type,key_class,is_modifier,session_id,user_id
45072.3131,KeyI,up,alpha,false,20260308_115701,trang_nguyen_s1
timestamp_ms,key_code,event_type,key_class,is_modifier,session_id,user_id
45088.7356,Space,down,alpha,false,20260308_115701,trang_nguyen_s1
timestamp_ms,key_code,event_type,key_class,is_modifier,session_id,user_id
45168.3419,Space,up,alpha,false,20260308_115701,trang_nguyen_s1
timestamp_ms,key_code,event_type,key_class,is_modifier,session_id,user_id
45664.8623,KeyR,down,alpha,false,20260308_115701,trang_nguyen_s1
timestamp_ms,key_code,event_type,key_class,is_modifier,session_id,user_id
45736.319,KeyR,up,alpha,false,20260308_115701,trang_nguyen_s1
timestamp_ms,key_code,event_type,key_class,is_modifier,session_id,user_id
45776.7125,KeyO,down,alpha,false,20260308_115701,trang_nguyen_s1
timestamp_ms,key_code,event_type,key_class,is_modifier,session_id,user_id
45864.3062,KeyO,up,alpha,false,20260308_115701,trang_nguyen_s1
timestamp_ms,key_code,event_type,key_class,is_modifier,session_id,user_id
45904.856700000004,KeyX,down,alpha,false,20260308_115701,trang_nguyen_s1
timestamp_ms,key_code,event_type,key_class,is_modifier,session_id,user_id
45984.3578,KeyX,up,alpha,false,20260308_115701,trang_nguyen_s1
timestamp_ms,key_code,event_type,key_class,is_modifier,session_id,user_id
46040.709800000004,Space,down,alpha,false,20260308_115701,trang_nguyen_s1
timestamp_ms,key_code,event_type,key_class,is_modifier,session_id,user_id
46104.2183,Space,up,alpha,false,20260308_115701,trang_nguyen_s1
timestamp_ms,key_code,event_type,key_class,is_modifier,session_id,user_id
46296.7972,KeyR,down,alpha,false,20260308_115701,trang_nguyen_s1
timestamp_ms,key_code,event_type,key_class,is_modifier,session_id,user_id
46376.323300000004,KeyR,up,alpha,false,20260308_115701,trang_nguyen_s1
timestamp_ms,key_code,event_type,key_class,is_modifier,session_id,user_id
46456.800299999995,KeyA,down,alpha,false,20260308_115701,trang_nguyen_s1
timestamp_ms,key_code,event_type,key_class,is_modifier,session_id,user_id
46584.1658,KeyA,up,alpha,false,20260308_115701,trang_nguyen_s1
timestamp_ms,key_code,event_type,key_class,is_modifier,session_id,user_id
46608.9206,Space,down,alpha,false,20260308_115701,trang_nguyen_s1
timestamp_ms,key_code,event_type,key_class,is_modifier,session_id,user_id
46672.1483,Space,up,alpha,false,20260308_115701,trang_nguyen_s1
timestamp_ms,key_code,event_type,key_class,is_modifier,session_id,user_id
46841.1472,KeyL,down,alpha,false,20260308_115701,trang_nguyen_s1
timestamp_ms,key_code,event_type,key_class,is_modifier,session_id,user_id
46912.9128,KeyA,down,alpha,false,20260308_115701,trang_nguyen_s1
timestamp_ms,key_code,event_type,key_class,is_modifier,session_id,user_id
46920.1615,KeyL,up,alpha,false,20260308_115701,trang_nguyen_s1
timestamp_ms,key_code,event_type,key_class,is_modifier,session_id,user_id
47008.3211,KeyA,up,alpha,false,20260308_115701,trang_nguyen_s1
timestamp_ms,key_code,event_type,key_class,is_modifier,session_id,user_id
47105.1157,KeyF,down,alpha,false,20260308_115701,trang_nguyen_s1
timestamp_ms,key_code,event_type,key_class,is_modifier,session_id,user_id
47192.3298,KeyF,up,alpha,false,20260308_115701,trang_nguyen_s1
timestamp_ms,key_code,event_type,key_class,is_modifier,session_id,user_id
47225.2357,Space,down,alpha,false,20260308_115701,trang_nguyen_s1
timestamp_ms,key_code,event_type,key_class,is_modifier,session_id,user_id
47288.119,Space,up,alpha,false,20260308_115701,trang_nguyen_s1
timestamp_ms,key_code,event_type,key_class,is_modifier,session_id,user_id
47360.8398,KeyK,down,alpha,false,20260308_115701,trang_nguyen_s1
timestamp_ms,key_code,event_type,key_class,is_modifier,session_id,user_id
47456.253099999994,KeyK,up,alpha,false,20260308_115701,trang_nguyen_s1
timestamp_ms,key_code,event_type,key_class,is_modifier,session_id,user_id
47472.9938,KeyE,down,alpha,false,20260308_115701,trang_nguyen_s1
timestamp_ms,key_code,event_type,key_class,is_modifier,session_id,user_id
47528.135800000004,KeyE,up,alpha,false,20260308_115701,trang_nguyen_s1
timestamp_ms,key_code,event_type,key_class,is_modifier,session_id,user_id
47610.5207,KeyE,down,alpha,false,20260308_115701,trang_nguyen_s1
timestamp_ms,key_code,event_type,key_class,is_modifier,session_id,user_id
47680.0582,KeyE,up,alpha,false,20260308_115701,trang_nguyen_s1
timestamp_ms,key_code,event_type,key_class,is_modifier,session_id,user_id
47752.7486,KeyU,down,alpha,false,20260308_115701,trang_nguyen_s1
timestamp_ms,key_code,event_type,key_class,is_modifier,session_id,user_id
47832.2043,KeyU,up,alpha,false,20260308_115701,trang_nguyen_s1
timestamp_ms,key_code,event_type,key_class,is_modifier,session_id,user_id
47929.229300000006,Space,down,alpha,false,20260308_115701,trang_nguyen_s1
timestamp_ms,key_code,event_type,key_class,is_modifier,session_id,user_id
48008.2039,Space,up,alpha,false,20260308_115701,trang_nguyen_s1
timestamp_ms,key_code,event_type,key_class,is_modifier,session_id,user_id
48720.9093,KeyH,down,alpha,false,20260308_115701,trang_nguyen_s1
timestamp_ms,key_code,event_type,key_class,is_modifier,session_id,user_id
48792.296800000004,KeyH,up,alpha,false,20260308_115701,trang_nguyen_s1
timestamp_ms,key_code,event_type,key_class,is_modifier,session_id,user_id
48840.902,KeyO,down,alpha,false,20260308_115701,trang_nguyen_s1
timestamp_ms,key_code,event_type,key_class,is_modifier,session_id,user_id
48920.2843,KeyO,up,alpha,false,20260308_115701,trang_nguyen_s1
timestamp_ms,key_code,event_type,key_class,is_modifier,session_id,user_id
49064.82,KeyJ,down,alpha,false,20260308_115701,trang_nguyen_s1
timestamp_ms,key_code,event_type,key_class,is_modifier,session_id,user_id
49152.335399999996,KeyJ,up,alpha,false,20260308_115701,trang_nguyen_s1
timestamp_ms,key_code,event_type,key_class,is_modifier,session_id,user_id
49168.9617,Space,down,alpha,false,20260308_115701,trang_nguyen_s1
timestamp_ms,key_code,event_type,key_class,is_modifier,session_id,user_id
49240.3086,Space,up,alpha,false,20260308_115701,trang_nguyen_s1
timestamp_ms,key_code,event_type,key_class,is_modifier,session_id,user_id
49352.8474,KeyM,down,alpha,false,20260308_115701,trang_nguyen_s1
timestamp_ms,key_code,event_type,key_class,is_modifier,session_id,user_id
49432.4058,KeyM,up,alpha,false,20260308_115701,trang_nguyen_s1
timestamp_ms,key_code,event_type,key_class,is_modifier,session_id,user_id
49544.9281,KeyO,down,alpha,false,20260308_115701,trang_nguyen_s1
timestamp_ms,key_code,event_type,key_class,is_modifier,session_id,user_id
49632.198000000004,KeyO,up,alpha,false,20260308_115701,trang_nguyen_s1
timestamp_ms,key_code,event_type,key_class,is_modifier,session_id,user_id
49641.0447,KeyW,down,alpha,false,20260308_115701,trang_nguyen_s1
timestamp_ms,key_code,event_type,key_class,is_modifier,session_id,user_id
49712.2402,KeyW,up,alpha,false,20260308_115701,trang_nguyen_s1
timestamp_ms,key_code,event_type,key_class,is_modifier,session_id,user_id
49737.0709,KeyR,down,alpha,false,20260308_115701,trang_nguyen_s1
timestamp_ms,key_code,event_type,key_class,is_modifier,session_id,user_id
49808.2474,KeyR,up,alpha,false,20260308_115701,trang_nguyen_s1
timestamp_ms,key_code,event_type,key_class,is_modifier,session_id,user_id
49810.8935,Space,down,alpha,false,20260308_115701,trang_nguyen_s1
timestamp_ms,key_code,event_type,key_class,is_modifier,session_id,user_id
49872.194899999995,Space,up,alpha,false,20260308_115701,trang_nguyen_s1
timestamp_ms,key_code,event_type,key_class,is_modifier,session_id,user_id
50016.8231,KeyN,down,alpha,false,20260308_115701,trang_nguyen_s1
timestamp_ms,key_code,event_type,key_class,is_modifier,session_id,user_id
50072.3403,KeyN,up,alpha,false,20260308_115701,trang_nguyen_s1
timestamp_ms,key_code,event_type,key_class,is_modifier,session_id,user_id
50208.7142,KeyO,down,alpha,false,20260308_115701,trang_nguyen_s1
timestamp_ms,key_code,event_type,key_class,is_modifier,session_id,user_id
50296.3281,KeyO,up,alpha,false,20260308_115701,trang_nguyen_s1
timestamp_ms,key_code,event_type,key_class,is_modifier,session_id,user_id
50321.0207,KeyT,down,alpha,false,20260308_115701,trang_nguyen_s1
timestamp_ms,key_code,event_type,key_class,is_modifier,session_id,user_id
50400.4359,KeyT,up,alpha,false,20260308_115701,trang_nguyen_s1
timestamp_ms,key_code,event_type,key_class,is_modifier,session_id,user_id
50752.9323,KeyE,down,alpha,false,20260308_115701,trang_nguyen_s1
timestamp_ms,key_code,event_type,key_class,is_modifier,session_id,user_id
50824.294,KeyE,up,alpha,false,20260308_115701,trang_nguyen_s1
timestamp_ms,key_code,event_type,key_class,is_modifier,session_id,user_id
51681.022300000004,KeyP,down,alpha,false,20260308_115701,trang_nguyen_s1
timestamp_ms,key_code,event_type,key_class,is_modifier,session_id,user_id
51760.3646,KeyP,up,alpha,false,20260308_115701,trang_nguyen_s1
timestamp_ms,key_code,event_type,key_class,is_modifier,session_id,user_id
51777.364,KeyA,down,alpha,false,20260308_115701,trang_nguyen_s1
timestamp_ms,key_code,event_type,key_class,is_modifier,session_id,user_id
51848.310300000005,KeyA,up,alpha,false,20260308_115701,trang_nguyen_s1
timestamp_ms,key_code,event_type,key_class,is_modifier,session_id,user_id
51864.7329,KeyS,down,alpha,false,20260308_115701,trang_nguyen_s1
timestamp_ms,key_code,event_type,key_class,is_modifier,session_id,user_id
51960.4006,KeyS,up,alpha,false,20260308_115701,trang_nguyen_s1
timestamp_ms,key_code,event_type,key_class,is_modifier,session_id,user_id
52337.2021,Backspace,down,special,false,20260308_115701,trang_nguyen_s1
timestamp_ms,key_code,event_type,key_class,is_modifier,session_id,user_id
52385.4095,KeyD,down,alpha,false,20260308_115701,trang_nguyen_s1
timestamp_ms,key_code,event_type,key_class,is_modifier,session_id,user_id
52400.1999,Backspace,up,special,false,20260308_115701,trang_nguyen_s1
timestamp_ms,key_code,event_type,key_class,is_modifier,session_id,user_id
52448.328799999996,KeyD,up,alpha,false,20260308_115701,trang_nguyen_s1
timestamp_ms,key_code,event_type,key_class,is_modifier,session_id,user_id
52537.0276,Space,down,alpha,false,20260308_115701,trang_nguyen_s1
timestamp_ms,key_code,event_type,key_class,is_modifier,session_id,user_id
52600.3605,Space,up,alpha,false,20260308_115701,trang_nguyen_s1
timestamp_ms,key_code,event_type,key_class,is_modifier,session_id,user_id
52680.9601,KeyL,down,alpha,false,20260308_115701,trang_nguyen_s1
timestamp_ms,key_code,event_type,key_class,is_modifier,session_id,user_id
52768.1485,KeyL,up,alpha,false,20260308_115701,trang_nguyen_s1
timestamp_ms,key_code,event_type,key_class,is_modifier,session_id,user_id
52905.083,KeyU,down,alpha,false,20260308_115701,trang_nguyen_s1
timestamp_ms,key_code,event_type,key_class,is_modifier,session_id,user_id
52976.4376,KeyU,up,alpha,false,20260308_115701,trang_nguyen_s1
timestamp_ms,key_code,event_type,key_class,is_modifier,session_id,user_id
53145.2624,KeyO,down,alpha,false,20260308_115701,trang_nguyen_s1
timestamp_ms,key_code,event_type,key_class,is_modifier,session_id,user_id
53208.5267,KeyO,up,alpha,false,20260308_115701,trang_nguyen_s1
timestamp_ms,key_code,event_type,key_class,is_modifier,session_id,user_id
53305.123700000004,KeyO,down,alpha,false,20260308_115701,trang_nguyen_s1
timestamp_ms,key_code,event_type,key_class,is_modifier,session_id,user_id
53370.122899999995,KeyN,down,alpha,false,20260308_115701,trang_nguyen_s1
timestamp_ms,key_code,event_type,key_class,is_modifier,session_id,user_id
53392.380600000004,KeyO,up,alpha,false,20260308_115701,trang_nguyen_s1
timestamp_ms,key_code,event_type,key_class,is_modifier,session_id,user_id
53472.376599999996,KeyN,up,alpha,false,20260308_115701,trang_nguyen_s1
timestamp_ms,key_code,event_type,key_class,is_modifier,session_id,user_id
53552.9248,Space,down,alpha,false,20260308_115701,trang_nguyen_s1
timestamp_ms,key_code,event_type,key_class,is_modifier,session_id,user_id
53632.3942,Space,up,alpha,false,20260308_115701,trang_nguyen_s1
timestamp_ms,key_code,event_type,key_class,is_modifier,session_id,user_id
53665.1207,KeyD,down,alpha,false,20260308_115701,trang_nguyen_s1
timestamp_ms,key_code,event_type,key_class,is_modifier,session_id,user_id
53728.099,KeyD,up,alpha,false,20260308_115701,trang_nguyen_s1
timestamp_ms,key_code,event_type,key_class,is_modifier,session_id,user_id
53809.501599999996,KeyD,down,alpha,false,20260308_115701,trang_nguyen_s1
timestamp_ms,key_code,event_type,key_class,is_modifier,session_id,user_id
53880.2764,KeyD,up,alpha,false,20260308_115701,trang_nguyen_s1
timestamp_ms,key_code,event_type,key_class,is_modifier,session_id,user_id
53889.041399999995,KeyI,down,alpha,false,20260308_115701,trang_nguyen_s1
timestamp_ms,key_code,event_type,key_class,is_modifier,session_id,user_id
53992.5603,KeyI,up,alpha,false,20260308_115701,trang_nguyen_s1
timestamp_ms,key_code,event_type,key_class,is_modifier,session_id,user_id
54080.945,Space,down,alpha,false,20260308_115701,trang_nguyen_s1
timestamp_ms,key_code,event_type,key_class,is_modifier,session_id,user_id
54152.261099999996,Space,up,alpha,false,20260308_115701,trang_nguyen_s1
timestamp_ms,key_code,event_type,key_class,is_modifier,session_id,user_id
54760.9147,KeyH,down,alpha,false,20260308_115701,trang_nguyen_s1
timestamp_ms,key_code,event_type,key_class,is_modifier,session_id,user_id
54824.4369,KeyH,up,alpha,false,20260308_115701,trang_nguyen_s1
timestamp_ms,key_code,event_type,key_class,is_modifier,session_id,user_id
54977.789000000004,KeyO,down,alpha,false,20260308_115701,trang_nguyen_s1
timestamp_ms,key_code,event_type,key_class,is_modifier,session_id,user_id
55064.3532,KeyO,up,alpha,false,20260308_115701,trang_nguyen_s1
timestamp_ms,key_code,event_type,key_class,is_modifier,session_id,user_id
55080.9358,KeyA,down,alpha,false,20260308_115701,trang_nguyen_s1
timestamp_ms,key_code,event_type,key_class,is_modifier,session_id,user_id
55216.2286,KeyA,up,alpha,false,20260308_115701,trang_nguyen_s1
timestamp_ms,key_code,event_type,key_class,is_modifier,session_id,user_id
55218.9559,KeyC,down,alpha,false,20260308_115701,trang_nguyen_s1
timestamp_ms,key_code,event_type,key_class,is_modifier,session_id,user_id
55304.904800000004,KeyJ,down,alpha,false,20260308_115701,trang_nguyen_s1
timestamp_ms,key_code,event_type,key_class,is_modifier,session_id,user_id
55320.598099999996,KeyW,down,alpha,false,20260308_115701,trang_nguyen_s1
timestamp_ms,key_code,event_type,key_class,is_modifier,session_id,user_id
55336.1773,KeyC,up,alpha,false,20260308_115701,trang_nguyen_s1
timestamp_ms,key_code,event_type,key_class,is_modifier,session_id,user_id
55384.4971,KeyW,up,alpha,false,20260308_115701,trang_nguyen_s1
timestamp_ms,key_code,event_type,key_class,is_modifier,session_id,user_id
55392.2113,KeyJ,up,alpha,false,20260308_115701,trang_nguyen_s1
timestamp_ms,key_code,event_type,key_class,is_modifier,session_id,user_id
55449.1426,Space,down,alpha,false,20260308_115701,trang_nguyen_s1
timestamp_ms,key_code,event_type,key_class,is_modifier,session_id,user_id
55496.394700000004,Space,up,alpha,false,20260308_115701,trang_nguyen_s1
timestamp_ms,key_code,event_type,key_class,is_modifier,session_id,user_id
55624.951199999996,KeyM,down,alpha,false,20260308_115701,trang_nguyen_s1
timestamp_ms,key_code,event_type,key_class,is_modifier,session_id,user_id
55680.373600000006,KeyM,up,alpha,false,20260308_115701,trang_nguyen_s1
timestamp_ms,key_code,event_type,key_class,is_modifier,session_id,user_id
55800.9848,KeyO,down,alpha,false,20260308_115701,trang_nguyen_s1
timestamp_ms,key_code,event_type,key_class,is_modifier,session_id,user_id
55888.6953,KeyW,down,alpha,false,20260308_115701,trang_nguyen_s1
timestamp_ms,key_code,event_type,key_class,is_modifier,session_id,user_id
55896.07,KeyO,up,alpha,false,20260308_115701,trang_nguyen_s1
timestamp_ms,key_code,event_type,key_class,is_modifier,session_id,user_id
55984.3804,KeyW,up,alpha,false,20260308_115701,trang_nguyen_s1
timestamp_ms,key_code,event_type,key_class,is_modifier,session_id,user_id
55992.8697,KeyR,down,alpha,false,20260308_115701,trang_nguyen_s1
timestamp_ms,key_code,event_type,key_class,is_modifier,session_id,user_id
56064.4303,KeyR,up,alpha,false,20260308_115701,trang_nguyen_s1
timestamp_ms,key_code,event_type,key_class,is_modifier,session_id,user_id
56096.784900000006,Space,down,alpha,false,20260308_115701,trang_nguyen_s1
timestamp_ms,key_code,event_type,key_class,is_modifier,session_id,user_id
56160.1886,Space,up,alpha,false,20260308_115701,trang_nguyen_s1
timestamp_ms,key_code,event_type,key_class,is_modifier,session_id,user_id
56448.777,KeyG,down,alpha,false,20260308_115701,trang_nguyen_s1
timestamp_ms,key_code,event_type,key_class,is_modifier,session_id,user_id
56512.2476,KeyG,up,alpha,false,20260308_115701,trang_nguyen_s1
timestamp_ms,key_code,event_type,key_class,is_modifier,session_id,user_id
56576.8255,KeyI,down,alpha,false,20260308_115701,trang_nguyen_s1
timestamp_ms,key_code,event_type,key_class,is_modifier,session_id,user_id
56664.400299999994,KeyI,up,alpha,false,20260308_115701,trang_nguyen_s1
timestamp_ms,key_code,event_type,key_class,is_modifier,session_id,user_id
56688.9287,KeyF,down,alpha,false,20260308_115701,trang_nguyen_s1
timestamp_ms,key_code,event_type,key_class,is_modifier,session_id,user_id
56760.3891,KeyF,up,alpha,false,20260308_115701,trang_nguyen_s1
timestamp_ms,key_code,event_type,key_class,is_modifier,session_id,user_id
56792.8649,Space,down,alpha,false,20260308_115701,trang_nguyen_s1
timestamp_ms,key_code,event_type,key_class,is_modifier,session_id,user_id
56872.3314,Space,up,alpha,false,20260308_115701,trang_nguyen_s1
timestamp_ms,key_code,event_type,key_class,is_modifier,session_id,user_id
57169.2089,KeyD,down,alpha,false,20260308_115701,trang_nguyen_s1
timestamp_ms,key_code,event_type,key_class,is_modifier,session_id,user_id
57240.3902,KeyD,up,alpha,false,20260308_115701,trang_nguyen_s1
timestamp_ms,key_code,event_type,key_class,is_modifier,session_id,user_id
57328.976599999995,KeyD,down,alpha,false,20260308_115701,trang_nguyen_s1
timestamp_ms,key_code,event_type,key_class,is_modifier,session_id,user_id
57400.1078,KeyD,up,alpha,false,20260308_115701,trang_nguyen_s1
timestamp_ms,key_code,event_type,key_class,is_modifier,session_id,user_id
57424.845400000006,KeyO,down,alpha,false,20260308_115701,trang_nguyen_s1
timestamp_ms,key_code,event_type,key_class,is_modifier,session_id,user_id
57512.2469,KeyO,up,alpha,false,20260308_115701,trang_nguyen_s1
timestamp_ms,key_code,event_type,key_class,is_modifier,session_id,user_id
57528.850900000005,KeyS,down,alpha,false,20260308_115701,trang_nguyen_s1
timestamp_ms,key_code,event_type,key_class,is_modifier,session_id,user_id
57608.405099999996,KeyS,up,alpha,false,20260308_115701,trang_nguyen_s1
timestamp_ms,key_code,event_type,key_class,is_modifier,session_id,user_id
57680.7882,Space,down,alpha,false,20260308_115701,trang_nguyen_s1
timestamp_ms,key_code,event_type,key_class,is_modifier,session_id,user_id
57752.4917,Space,up,alpha,false,20260308_115701,trang_nguyen_s1
timestamp_ms,key_code,event_type,key_class,is_modifier,session_id,user_id
58001.1945,KeyR,down,alpha,false,20260308_115701,trang_nguyen_s1
timestamp_ms,key_code,event_type,key_class,is_modifier,session_id,user_id
58072.3881,KeyR,up,alpha,false,20260308_115701,trang_nguyen_s1
timestamp_ms,key_code,event_type,key_class,is_modifier,session_id,user_id
58176.6527,KeyA,down,alpha,false,20260308_115701,trang_nguyen_s1
timestamp_ms,key_code,event_type,key_class,is_modifier,session_id,user_id
58272.387299999995,KeyA,up,alpha,false,20260308_115701,trang_nguyen_s1
timestamp_ms,key_code,event_type,key_class,is_modifier,session_id,user_id
58289.038400000005,Space,down,alpha,false,20260308_115701,trang_nguyen_s1
timestamp_ms,key_code,event_type,key_class,is_modifier,session_id,user_id
58368.369199999994,Space,up,alpha,false,20260308_115701,trang_nguyen_s1
timestamp_ms,key_code,event_type,key_class,is_modifier,session_id,user_id
58488.645599999996,KeyG,down,alpha,false,20260308_115701,trang_nguyen_s1
timestamp_ms,key_code,event_type,key_class,is_modifier,session_id,user_id
58568.29,KeyG,up,alpha,false,20260308_115701,trang_nguyen_s1
timestamp_ms,key_code,event_type,key_class,is_modifier,session_id,user_id
58632.532699999996,KeyH,down,alpha,false,20260308_115701,trang_nguyen_s1
timestamp_ms,key_code,event_type,key_class,is_modifier,session_id,user_id
58704.391200000005,KeyH,up,alpha,false,20260308_115701,trang_nguyen_s1
timestamp_ms,key_code,event_type,key_class,is_modifier,session_id,user_id
58808.9827,KeyI,down,alpha,false,20260308_115701,trang_nguyen_s1
timestamp_ms,key_code,event_type,key_class,is_modifier,session_id,user_id
58904.200000000004,KeyI,up,alpha,false,20260308_115701,trang_nguyen_s1
timestamp_ms,key_code,event_type,key_class,is_modifier,session_id,user_id
58921.222200000004,Space,down,alpha,false,20260308_115701,trang_nguyen_s1
timestamp_ms,key_code,event_type,key_class,is_modifier,session_id,user_id
58984.254499999995,Space,up,alpha,false,20260308_115701,trang_nguyen_s1
timestamp_ms,key_code,event_type,key_class,is_modifier,session_id,user_id
59168.833300000006,KeyC,down,alpha,false,20260308_115701,trang_nguyen_s1
timestamp_ms,key_code,event_type,key_class,is_modifier,session_id,user_id
59232.2952,KeyC,up,alpha,false,20260308_115701,trang_nguyen_s1
timestamp_ms,key_code,event_type,key_class,is_modifier,session_id,user_id
59272.9305,KeyU,down,alpha,false,20260308_115701,trang_nguyen_s1
timestamp_ms,key_code,event_type,key_class,is_modifier,session_id,user_id
59328.977199999994,KeyN,down,alpha,false,20260308_115701,trang_nguyen_s1
timestamp_ms,key_code,event_type,key_class,is_modifier,session_id,user_id
59360.288400000005,KeyU,up,alpha,false,20260308_115701,trang_nguyen_s1
timestamp_ms,key_code,event_type,key_class,is_modifier,session_id,user_id
59392.3453,KeyN,up,alpha,false,20260308_115701,trang_nguyen_s1
timestamp_ms,key_code,event_type,key_class,is_modifier,session_id,user_id
59449.185900000004,KeyX,down,alpha,false,20260308_115701,trang_nguyen_s1
timestamp_ms,key_code,event_type,key_class,is_modifier,session_id,user_id
59512.2527,KeyX,up,alpha,false,20260308_115701,trang_nguyen_s1
timestamp_ms,key_code,event_type,key_class,is_modifier,session_id,user_id
59536.7509,KeyG,down,alpha,false,20260308_115701,trang_nguyen_s1
timestamp_ms,key_code,event_type,key_class,is_modifier,session_id,user_id
59592.3609,KeyG,up,alpha,false,20260308_115701,trang_nguyen_s1
timestamp_ms,key_code,event_type,key_class,is_modifier,session_id,user_id
59609.012800000004,Space,down,alpha,false,20260308_115701,trang_nguyen_s1
timestamp_ms,key_code,event_type,key_class,is_modifier,session_id,user_id
59672.2878,Space,up,alpha,false,20260308_115701,trang_nguyen_s1
timestamp_ms,key_code,event_type,key_class,is_modifier,session_id,user_id
59697.1199,KeyD,down,alpha,false,20260308_115701,trang_nguyen_s1
timestamp_ms,key_code,event_type,key_class,is_modifier,session_id,user_id
59760.209500000004,KeyD,up,alpha,false,20260308_115701,trang_nguyen_s1
timestamp_ms,key_code,event_type,key_class,is_modifier,session_id,user_id
59840.9688,KeyD,down,alpha,false,20260308_115701,trang_nguyen_s1
timestamp_ms,key_code,event_type,key_class,is_modifier,session_id,user_id
59912.2722,KeyD,up,alpha,false,20260308_115701,trang_nguyen_s1
timestamp_ms,key_code,event_type,key_class,is_modifier,session_id,user_id
59937.890699999996,KeyU,down,alpha,false,20260308_115701,trang_nguyen_s1
timestamp_ms,key_code,event_type,key_class,is_modifier,session_id,user_id
60016.212,KeyU,up,alpha,false,20260308_115701,trang_nguyen_s1
timestamp_ms,key_code,event_type,key_class,is_modifier,session_id,user_id
60144.79029999999,KeyO,down,alpha,false,20260308_115701,trang_nguyen_s1
timestamp_ms,key_code,event_type,key_class,is_modifier,session_id,user_id
60224.254799999995,KeyO,up,alpha,false,20260308_115701,trang_nguyen_s1
timestamp_ms,key_code,event_type,key_class,is_modifier,session_id,user_id
60232.8254,KeyC,down,alpha,false,20260308_115701,trang_nguyen_s1
timestamp_ms,key_code,event_type,key_class,is_modifier,session_id,user_id
60280.9144,KeyW,down,alpha,false,20260308_115701,trang_nguyen_s1
timestamp_ms,key_code,event_type,key_class,is_modifier,session_id,user_id
60304.4085,KeyC,up,alpha,false,20260308_115701,trang_nguyen_s1
timestamp_ms,key_code,event_type,key_class,is_modifier,session_id,user_id
60376.6474,KeyJ,down,alpha,false,20260308_115701,trang_nguyen_s1
timestamp_ms,key_code,event_type,key_class,is_modifier,session_id,user_id
60384.113300000005,KeyW,up,alpha,false,20260308_115701,trang_nguyen_s1
timestamp_ms,key_code,event_type,key_class,is_modifier,session_id,user_id
60440.532400000004,Space,down,alpha,false,20260308_115701,trang_nguyen_s1
timestamp_ms,key_code,event_type,key_class,is_modifier,session_id,user_id
60448.1008,KeyJ,up,alpha,false,20260308_115701,trang_nguyen_s1
timestamp_ms,key_code,event_type,key_class,is_modifier,session_id,user_id
60488.152200000004,Space,up,alpha,false,20260308_115701,trang_nguyen_s1
timestamp_ms,key_code,event_type,key_class,is_modifier,session_id,user_id
60520.669200000004,KeyC,down,alpha,false,20260308_115701,trang_nguyen_s1
timestamp_ms,key_code,event_type,key_class,is_modifier,session_id,user_id
60576.2222,KeyC,up,alpha,false,20260308_115701,trang_nguyen_s1
timestamp_ms,key_code,event_type,key_class,is_modifier,session_id,user_id
60600.9083,KeyH,down,alpha,false,20260308_115701,trang_nguyen_s1
timestamp_ms,key_code,event_type,key_class,is_modifier,session_id,user_id
60672.1728,KeyH,up,alpha,false,20260308_115701,trang_nguyen_s1
timestamp_ms,key_code,event_type,key_class,is_modifier,session_id,user_id
60784.8922,KeyU,down,alpha,false,20260308_115701,trang_nguyen_s1
timestamp_ms,key_code,event_type,key_class,is_modifier,session_id,user_id
60880.149099999995,KeyU,up,alpha,false,20260308_115701,trang_nguyen_s1
timestamp_ms,key_code,event_type,key_class,is_modifier,session_id,user_id
61208.633,KeyW,down,alpha,false,20260308_115701,trang_nguyen_s1
timestamp_ms,key_code,event_type,key_class,is_modifier,session_id,user_id
61280.2766,KeyW,up,alpha,false,20260308_115701,trang_nguyen_s1
timestamp_ms,key_code,event_type,key_class,is_modifier,session_id,user_id
61465.0245,KeyS,down,alpha,false,20260308_115701,trang_nguyen_s1
timestamp_ms,key_code,event_type,key_class,is_modifier,session_id,user_id
61552.4288,KeyS,up,alpha,false,20260308_115701,trang_nguyen_s1
timestamp_ms,key_code,event_type,key_class,is_modifier,session_id,user_id
61728.9395,Space,down,alpha,false,20260308_115701,trang_nguyen_s1
timestamp_ms,key_code,event_type,key_class,is_modifier,session_id,user_id
61800.420000000006,Space,up,alpha,false,20260308_115701,trang_nguyen_s1
timestamp_ms,key_code,event_type,key_class,is_modifier,session_id,user_id
61969.012800000004,KeyF,down,alpha,false,20260308_115701,trang_nguyen_s1
timestamp_ms,key_code,event_type,key_class,is_modifier,session_id,user_id
62024.2992,KeyF,up,alpha,false,20260308_115701,trang_nguyen_s1
timestamp_ms,key_code,event_type,key_class,is_modifier,session_id,user_id
62089.1084,KeyO,down,alpha,false,20260308_115701,trang_nguyen_s1
timestamp_ms,key_code,event_type,key_class,is_modifier,session_id,user_id
62168.3767,KeyO,up,alpha,false,20260308_115701,trang_nguyen_s1
timestamp_ms,key_code,event_type,key_class,is_modifier,session_id,user_id
62272.9303,KeyX,down,alpha,false,20260308_115701,trang_nguyen_s1
timestamp_ms,key_code,event_type,key_class,is_modifier,session_id,user_id
62352.5029,KeyX,up,alpha,false,20260308_115701,trang_nguyen_s1
timestamp_ms,key_code,event_type,key_class,is_modifier,session_id,user_id
62640.953199999996,Backspace,down,special,false,20260308_115701,trang_nguyen_s1
timestamp_ms,key_code,event_type,key_class,is_modifier,session_id,user_id
62696.390100000004,Backspace,up,special,false,20260308_115701,trang_nguyen_s1
timestamp_ms,key_code,event_type,key_class,is_modifier,session_id,user_id
62793.0781,Backspace,down,special,false,20260308_115701,trang_nguyen_s1
timestamp_ms,key_code,event_type,key_class,is_modifier,session_id,user_id
62840.8296,Backspace,up,special,false,20260308_115701,trang_nguyen_s1
timestamp_ms,key_code,event_type,key_class,is_modifier,session_id,user_id
62936.8266,Backspace,down,special,false,20260308_115701,trang_nguyen_s1
timestamp_ms,key_code,event_type,key_class,is_modifier,session_id,user_id
63000.3227,Backspace,up,special,false,20260308_115701,trang_nguyen_s1
timestamp_ms,key_code,event_type,key_class,is_modifier,session_id,user_id
63008.8467,KeyG,down,alpha,false,20260308_115701,trang_nguyen_s1
timestamp_ms,key_code,event_type,key_class,is_modifier,session_id,user_id
63064.1754,KeyG,up,alpha,false,20260308_115701,trang_nguyen_s1
timestamp_ms,key_code,event_type,key_class,is_modifier,session_id,user_id
63137.1583,KeyO,down,alpha,false,20260308_115701,trang_nguyen_s1
timestamp_ms,key_code,event_type,key_class,is_modifier,session_id,user_id
63224.4039,KeyO,up,alpha,false,20260308_115701,trang_nguyen_s1
timestamp_ms,key_code,event_type,key_class,is_modifier,session_id,user_id
63256.999200000006,KeyX,down,alpha,false,20260308_115701,trang_nguyen_s1
timestamp_ms,key_code,event_type,key_class,is_modifier,session_id,user_id
63304.4565,KeyX,up,alpha,false,20260308_115701,trang_nguyen_s1
timestamp_ms,key_code,event_type,key_class,is_modifier,session_id,user_id
63393.0013,Space,down,alpha,false,20260308_115701,trang_nguyen_s1
timestamp_ms,key_code,event_type,key_class,is_modifier,session_id,user_id
63456.3025,Space,up,alpha,false,20260308_115701,trang_nguyen_s1
timestamp_ms,key_code,event_type,key_class,is_modifier,session_id,user_id
63649.018,KeyT,down,alpha,false,20260308_115701,trang_nguyen_s1
timestamp_ms,key_code,event_type,key_class,is_modifier,session_id,user_id
63768.882,KeyR,down,alpha,false,20260308_115701,trang_nguyen_s1
timestamp_ms,key_code,event_type,key_class,is_modifier,session_id,user_id
63792.193699999996,KeyT,up,alpha,false,20260308_115701,trang_nguyen_s1
timestamp_ms,key_code,event_type,key_class,is_modifier,session_id,user_id
63832.605899999995,KeyO,down,alpha,false,20260308_115701,trang_nguyen_s1
timestamp_ms,key_code,event_type,key_class,is_modifier,session_id,user_id
63888.3832,KeyR,up,alpha,false,20260308_115701,trang_nguyen_s1
timestamp_ms,key_code,event_type,key_class,is_modifier,session_id,user_id
63912.9776,KeyN,down,alpha,false,20260308_115701,trang_nguyen_s1
timestamp_ms,key_code,event_type,key_class,is_modifier,session_id,user_id
63944.545099999996,KeyO,up,alpha,false,20260308_115701,trang_nguyen_s1
timestamp_ms,key_code,event_type,key_class,is_modifier,session_id,user_id
63993.0332,KeyG,down,alpha,false,20260308_115701,trang_nguyen_s1
timestamp_ms,key_code,event_type,key_class,is_modifier,session_id,user_id
64000.1175,KeyN,up,alpha,false,20260308_115701,trang_nguyen_s1
timestamp_ms,key_code,event_type,key_class,is_modifier,session_id,user_id
64072.4422,KeyG,up,alpha,false,20260308_115701,trang_nguyen_s1
timestamp_ms,key_code,event_type,key_class,is_modifier,session_id,user_id
64137.2159,Space,down,alpha,false,20260308_115701,trang_nguyen_s1
timestamp_ms,key_code,event_type,key_class,is_modifier,session_id,user_id
64192.2158,Space,up,alpha,false,20260308_115701,trang_nguyen_s1
timestamp_ms,key_code,event_type,key_class,is_modifier,session_id,user_id
64433.7414,KeyT,down,alpha,false,20260308_115701,trang_nguyen_s1
timestamp_ms,key_code,event_type,key_class,is_modifier,session_id,user_id
64504.3845,KeyT,up,alpha,false,20260308_115701,trang_nguyen_s1
timestamp_ms,key_code,event_type,key_class,is_modifier,session_id,user_id
64696.913100000005,KeyE,down,alpha,false,20260308_115701,trang_nguyen_s1
timestamp_ms,key_code,event_type,key_class,is_modifier,session_id,user_id
64792.07200000001,KeyE,up,alpha,false,20260308_115701,trang_nguyen_s1
timestamp_ms,key_code,event_type,key_class,is_modifier,session_id,user_id
64873.1686,KeyR,down,alpha,false,20260308_115701,trang_nguyen_s1
timestamp_ms,key_code,event_type,key_class,is_modifier,session_id,user_id
64944.455,KeyR,up,alpha,false,20260308_115701,trang_nguyen_s1
timestamp_ms,key_code,event_type,key_class,is_modifier,session_id,user_id
65056.64779999999,KeyR,down,alpha,false,20260308_115701,trang_nguyen_s1
timestamp_ms,key_code,event_type,key_class,is_modifier,session_id,user_id
65144.3864,KeyR,up,alpha,false,20260308_115701,trang_nguyen_s1
timestamp_ms,key_code,event_type,key_class,is_modifier,session_id,user_id
65304.7679,KeyM,down,alpha,false,20260308_115701,trang_nguyen_s1
timestamp_ms,key_code,event_type,key_class,is_modifier,session_id,user_id
65376.6083,KeyM,up,alpha,false,20260308_115701,trang_nguyen_s1
timestamp_ms,key_code,event_type,key_class,is_modifier,session_id,user_id
65616.83039999999,KeyI,down,alpha,false,20260308_115701,trang_nguyen_s1
timestamp_ms,key_code,event_type,key_class,is_modifier,session_id,user_id
65760.9368,KeyN,down,alpha,false,20260308_115701,trang_nguyen_s1
timestamp_ms,key_code,event_type,key_class,is_modifier,session_id,user_id
65768.3021,KeyI,up,alpha,false,20260308_115701,trang_nguyen_s1
timestamp_ms,key_code,event_type,key_class,is_modifier,session_id,user_id
65856.1939,KeyN,up,alpha,false,20260308_115701,trang_nguyen_s1
timestamp_ms,key_code,event_type,key_class,is_modifier,session_id,user_id
65888.6863,KeyA,down,alpha,false,20260308_115701,trang_nguyen_s1
timestamp_ms,key_code,event_type,key_class,is_modifier,session_id,user_id
65960.1443,KeyA,up,alpha,false,20260308_115701,trang_nguyen_s1
timestamp_ms,key_code,event_type,key_class,is_modifier,session_id,user_id
66416.742,KeyL,down,alpha,false,20260308_115701,trang_nguyen_s1
timestamp_ms,key_code,event_type,key_class,is_modifier,session_id,user_id
66480.2235,KeyL,up,alpha,false,20260308_115701,trang_nguyen_s1
timestamp_ms,key_code,event_type,key_class,is_modifier,session_id,user_id
66616.7543,Space,down,alpha,false,20260308_115701,trang_nguyen_s1
timestamp_ms,key_code,event_type,key_class,is_modifier,session_id,user_id
66696.1188,Space,up,alpha,false,20260308_115701,trang_nguyen_s1
timestamp_ms,key_code,event_type,key_class,is_modifier,session_id,user_id
66825.3016,KeyN,down,alpha,false,20260308_115701,trang_nguyen_s1
timestamp_ms,key_code,event_type,key_class,is_modifier,session_id,user_id
66880.1725,KeyN,up,alpha,false,20260308_115701,trang_nguyen_s1
timestamp_ms,key_code,event_type,key_class,is_modifier,session_id,user_id
67009.0257,KeyO,down,alpha,false,20260308_115701,trang_nguyen_s1
timestamp_ms,key_code,event_type,key_class,is_modifier,session_id,user_id
67074.61600000001,KeyS,down,alpha,false,20260308_115701,trang_nguyen_s1
timestamp_ms,key_code,event_type,key_class,is_modifier,session_id,user_id
67096.3061,KeyO,up,alpha,false,20260308_115701,trang_nguyen_s1
timestamp_ms,key_code,event_type,key_class,is_modifier,session_id,user_id
67136.31289999999,KeyS,up,alpha,false,20260308_115701,trang_nguyen_s1
timestamp_ms,key_code,event_type,key_class,is_modifier,session_id,user_id
67160.7289,Space,down,alpha,false,20260308_115701,trang_nguyen_s1
timestamp_ms,key_code,event_type,key_class,is_modifier,session_id,user_id
67216.4128,Space,up,alpha,false,20260308_115701,trang_nguyen_s1
timestamp_ms,key_code,event_type,key_class,is_modifier,session_id,user_id
67264.8563,KeyC,down,alpha,false,20260308_115701,trang_nguyen_s1
timestamp_ms,key_code,event_type,key_class,is_modifier,session_id,user_id
67320.3251,KeyC,up,alpha,false,20260308_115701,trang_nguyen_s1
timestamp_ms,key_code,event_type,key_class,is_modifier,session_id,user_id
67368.9553,KeyU,down,alpha,false,20260308_115701,trang_nguyen_s1
timestamp_ms,key_code,event_type,key_class,is_modifier,session_id,user_id
67440.26049999999,KeyU,up,alpha,false,20260308_115701,trang_nguyen_s1
timestamp_ms,key_code,event_type,key_class,is_modifier,session_id,user_id
67473.1418,KeyW,down,alpha,false,20260308_115701,trang_nguyen_s1
timestamp_ms,key_code,event_type,key_class,is_modifier,session_id,user_id
67536.2056,KeyW,up,alpha,false,20260308_115701,trang_nguyen_s1
timestamp_ms,key_code,event_type,key_class,is_modifier,session_id,user_id
67641.0374,KeyS,down,alpha,false,20260308_115701,trang_nguyen_s1
timestamp_ms,key_code,event_type,key_class,is_modifier,session_id,user_id
67712.3767,KeyS,up,alpha,false,20260308_115701,trang_nguyen_s1
timestamp_ms,key_code,event_type,key_class,is_modifier,session_id,user_id
67745.1213,Space,down,alpha,false,20260308_115701,trang_nguyen_s1
timestamp_ms,key_code,event_type,key_class,is_modifier,session_id,user_id
67800.3296,Space,up,alpha,false,20260308_115701,trang_nguyen_s1
timestamp_ms,key_code,event_type,key_class,is_modifier,session_id,user_id
67978.1164,KeyM,down,alpha,false,20260308_115701,trang_nguyen_s1
timestamp_ms,key_code,event_type,key_class,is_modifier,session_id,user_id
68040.12950000001,KeyM,up,alpha,false,20260308_115701,trang_nguyen_s1
timestamp_ms,key_code,event_type,key_class,is_modifier,session_id,user_id
68064.954,KeyA,down,alpha,false,20260308_115701,trang_nguyen_s1
timestamp_ms,key_code,event_type,key_class,is_modifier,session_id,user_id
68112.1417,KeyA,up,alpha,false,20260308_115701,trang_nguyen_s1
timestamp_ms,key_code,event_type,key_class,is_modifier,session_id,user_id
68216.8054,KeyA,down,alpha,false,20260308_115701,trang_nguyen_s1
timestamp_ms,key_code,event_type,key_class,is_modifier,session_id,user_id
68312.41900000001,KeyA,up,alpha,false,20260308_115701,trang_nguyen_s1
timestamp_ms,key_code,event_type,key_class,is_modifier,session_id,user_id
68322.2791,KeyY,down,alpha,false,20260308_115701,trang_nguyen_s1
timestamp_ms,key_code,event_type,key_class,is_modifier,session_id,user_id
68392.2914,KeyY,up,alpha,false,20260308_115701,trang_nguyen_s1
timestamp_ms,key_code,event_type,key_class,is_modifier,session_id,user_id
68417.21800000001,KeyS,down,alpha,false,20260308_115701,trang_nguyen_s1
timestamp_ms,key_code,event_type,key_class,is_modifier,session_id,user_id
68480.1348,KeyS,up,alpha,false,20260308_115701,trang_nguyen_s1
timestamp_ms,key_code,event_type,key_class,is_modifier,session_id,user_id
68520.9565,Space,down,alpha,false,20260308_115701,trang_nguyen_s1
timestamp_ms,key_code,event_type,key_class,is_modifier,session_id,user_id
68624.3765,Space,up,alpha,false,20260308_115701,trang_nguyen_s1
timestamp_ms,key_code,event_type,key_class,is_modifier,session_id,user_id
69010.3208,Backspace,down,special,false,20260308_115701,trang_nguyen_s1
timestamp_ms,key_code,event_type,key_class,is_modifier,session_id,user_id
69064.228,Backspace,up,special,false,20260308_115701,trang_nguyen_s1
timestamp_ms,key_code,event_type,key_class,is_modifier,session_id,user_id
69152.7756,Backspace,down,special,false,20260308_115701,trang_nguyen_s1
timestamp_ms,key_code,event_type,key_class,is_modifier,session_id,user_id
69224.54070000001,KeyT,down,alpha,false,20260308_115701,trang_nguyen_s1
timestamp_ms,key_code,event_type,key_class,is_modifier,session_id,user_id
69248.149,Backspace,up,special,false,20260308_115701,trang_nguyen_s1
timestamp_ms,key_code,event_type,key_class,is_modifier,session_id,user_id
69280.16739999999,KeyT,up,alpha,false,20260308_115701,trang_nguyen_s1
timestamp_ms,key_code,event_type,key_class,is_modifier,session_id,user_id
69360.8363,Space,down,alpha,false,20260308_115701,trang_nguyen_s1
timestamp_ms,key_code,event_type,key_class,is_modifier,session_id,user_id
69432.2721,Space,up,alpha,false,20260308_115701,trang_nguyen_s1
timestamp_ms,key_code,event_type,key_class,is_modifier,session_id,user_id
69496.8693,KeyC,down,alpha,false,20260308_115701,trang_nguyen_s1
timestamp_ms,key_code,event_type,key_class,is_modifier,session_id,user_id
69568.17890000001,KeyC,up,alpha,false,20260308_115701,trang_nguyen_s1
timestamp_ms,key_code,event_type,key_class,is_modifier,session_id,user_id
69608.81999999999,KeyH,down,alpha,false,20260308_115701,trang_nguyen_s1
timestamp_ms,key_code,event_type,key_class,is_modifier,session_id,user_id
69680.2326,KeyH,up,alpha,false,20260308_115701,trang_nguyen_s1
timestamp_ms,key_code,event_type,key_class,is_modifier,session_id,user_id
69769.1499,KeyU,down,alpha,false,20260308_115701,trang_nguyen_s1
timestamp_ms,key_code,event_type,key_class,is_modifier,session_id,user_id
69792.74309999999,KeyW,down,alpha,false,20260308_115701,trang_nguyen_s1
timestamp_ms,key_code,event_type,key_class,is_modifier,session_id,user_id
69848.1608,KeyU,up,alpha,false,20260308_115701,trang_nguyen_s1
timestamp_ms,key_code,event_type,key_class,is_modifier,session_id,user_id
69856.183,KeyW,up,alpha,false,20260308_115701,trang_nguyen_s1
timestamp_ms,key_code,event_type,key_class,is_modifier,session_id,user_id
69993.43430000001,KeyX,down,alpha,false,20260308_115701,trang_nguyen_s1
timestamp_ms,key_code,event_type,key_class,is_modifier,session_id,user_id
70056.4906,KeyX,up,alpha,false,20260308_115701,trang_nguyen_s1
timestamp_ms,key_code,event_type,key_class,is_modifier,session_id,user_id
70081.80230000001,Space,down,alpha,false,20260308_115701,trang_nguyen_s1
timestamp_ms,key_code,event_type,key_class,is_modifier,session_id,user_id
70136.147,Space,up,alpha,false,20260308_115701,trang_nguyen_s1
timestamp_ms,key_code,event_type,key_class,is_modifier,session_id,user_id
70241.0501,KeyN,down,alpha,false,20260308_115701,trang_nguyen_s1
timestamp_ms,key_code,event_type,key_class,is_modifier,session_id,user_id
70296.3372,KeyN,up,alpha,false,20260308_115701,trang_nguyen_s1
timestamp_ms,key_code,event_type,key_class,is_modifier,session_id,user_id
70300.1712,KeyE,down,alpha,false,20260308_115701,trang_nguyen_s1
timestamp_ms,key_code,event_type,key_class,is_modifier,session_id,user_id
70344.5418,KeyE,up,alpha,false,20260308_115701,trang_nguyen_s1
timestamp_ms,key_code,event_type,key_class,is_modifier,session_id,user_id
70424.79400000001,KeyE,down,alpha,false,20260308_115701,trang_nguyen_s1
timestamp_ms,key_code,event_type,key_class,is_modifier,session_id,user_id
70472.489,KeyU,down,alpha,false,20260308_115701,trang_nguyen_s1
timestamp_ms,key_code,event_type,key_class,is_modifier,session_id,user_id
70496.0938,KeyE,up,alpha,false,20260308_115701,trang_nguyen_s1
timestamp_ms,key_code,event_type,key_class,is_modifier,session_id,user_id
70576.534,KeyU,up,alpha,false,20260308_115701,trang_nguyen_s1
timestamp_ms,key_code,event_type,key_class,is_modifier,session_id,user_id
70617.5272,KeyS,down,alpha,false,20260308_115701,trang_nguyen_s1
timestamp_ms,key_code,event_type,key_class,is_modifier,session_id,user_id
70680.4849,KeyS,up,alpha,false,20260308_115701,trang_nguyen_s1
timestamp_ms,key_code,event_type,key_class,is_modifier,session_id,user_id
70688.7296,Space,down,alpha,false,20260308_115701,trang_nguyen_s1
timestamp_ms,key_code,event_type,key_class,is_modifier,session_id,user_id
70768.1933,Space,up,alpha,false,20260308_115701,trang_nguyen_s1
timestamp_ms,key_code,event_type,key_class,is_modifier,session_id,user_id
70953.535,KeyF,down,alpha,false,20260308_115701,trang_nguyen_s1
timestamp_ms,key_code,event_type,key_class,is_modifier,session_id,user_id
70968.89349999999,KeyF,up,alpha,false,20260308_115701,trang_nguyen_s1
timestamp_ms,key_code,event_type,key_class,is_modifier,session_id,user_id
71059.4529,KeyI,down,alpha,false,20260308_115701,trang_nguyen_s1
timestamp_ms,key_code,event_type,key_class,is_modifier,session_id,user_id
71137.0727,KeyI,up,alpha,false,20260308_115701,trang_nguyen_s1
timestamp_ms,key_code,event_type,key_class,is_modifier,session_id,user_id
71464.9044,KeyX,down,alpha,false,20260308_115701,trang_nguyen_s1
timestamp_ms,key_code,event_type,key_class,is_modifier,session_id,user_id
71552.1404,KeyX,up,alpha,false,20260308_115701,trang_nguyen_s1
timestamp_ms,key_code,event_type,key_class,is_modifier,session_id,user_id
71648.9001,Space,down,alpha,false,20260308_115701,trang_nguyen_s1
timestamp_ms,key_code,event_type,key_class,is_modifier,session_id,user_id
71720.2164,Space,up,alpha,false,20260308_115701,trang_nguyen_s1
timestamp_ms,key_code,event_type,key_class,is_modifier,session_id,user_id
71872.5861,KeyK,down,alpha,false,20260308_115701,trang_nguyen_s1
timestamp_ms,key_code,event_type,key_class,is_modifier,session_id,user_id
71936.55189999999,KeyK,up,alpha,false,20260308_115701,trang_nguyen_s1
timestamp_ms,key_code,event_type,key_class,is_modifier,session_id,user_id
72288.49429999999,Backspace,down,special,false,20260308_115701,trang_nguyen_s1
timestamp_ms,key_code,event_type,key_class,is_modifier,session_id,user_id
72368.2969,Backspace,up,special,false,20260308_115701,trang_nguyen_s1
timestamp_ms,key_code,event_type,key_class,is_modifier,session_id,user_id
72408.9134,KeyD,down,alpha,false,20260308_115701,trang_nguyen_s1
timestamp_ms,key_code,event_type,key_class,is_modifier,session_id,user_id
72448.21310000001,KeyD,up,alpha,false,20260308_115701,trang_nguyen_s1
timestamp_ms,key_code,event_type,key_class,is_modifier,session_id,user_id
72536.979,KeyD,down,alpha,false,20260308_115701,trang_nguyen_s1
timestamp_ms,key_code,event_type,key_class,is_modifier,session_id,user_id
72600.1813,KeyD,up,alpha,false,20260308_115701,trang_nguyen_s1
timestamp_ms,key_code,event_type,key_class,is_modifier,session_id,user_id
72633.45719999999,KeyU,down,alpha,false,20260308_115701,trang_nguyen_s1
timestamp_ms,key_code,event_type,key_class,is_modifier,session_id,user_id
72712.0732,KeyU,up,alpha,false,20260308_115701,trang_nguyen_s1
timestamp_ms,key_code,event_type,key_class,is_modifier,session_id,user_id
72824.5942,KeyO,down,alpha,false,20260308_115701,trang_nguyen_s1
timestamp_ms,key_code,event_type,key_class,is_modifier,session_id,user_id
72920.205,KeyO,up,alpha,false,20260308_115701,trang_nguyen_s1
timestamp_ms,key_code,event_type,key_class,is_modifier,session_id,user_id
72944.9147,KeyC,down,alpha,false,20260308_115701,trang_nguyen_s1
timestamp_ms,key_code,event_type,key_class,is_modifier,session_id,user_id
72985.29460000001,KeyW,down,alpha,false,20260308_115701,trang_nguyen_s1
timestamp_ms,key_code,event_type,key_class,is_modifier,session_id,user_id
73040.4029,KeyC,up,alpha,false,20260308_115701,trang_nguyen_s1
timestamp_ms,key_code,event_type,key_class,is_modifier,session_id,user_id
73112.9519,KeyJ,down,alpha,false,20260308_115701,trang_nguyen_s1
timestamp_ms,key_code,event_type,key_class,is_modifier,session_id,user_id
73120.24859999999,KeyW,up,alpha,false,20260308_115701,trang_nguyen_s1
timestamp_ms,key_code,event_type,key_class,is_modifier,session_id,user_id
73200.32340000001,KeyJ,up,alpha,false,20260308_115701,trang_nguyen_s1
timestamp_ms,key_code,event_type,key_class,is_modifier,session_id,user_id
73225.1819,Space,down,alpha,false,20260308_115701,trang_nguyen_s1
timestamp_ms,key_code,event_type,key_class,is_modifier,session_id,user_id
73288.0974,Space,up,alpha,false,20260308_115701,trang_nguyen_s1
timestamp_ms,key_code,event_type,key_class,is_modifier,session_id,user_id
73520.94769999999,KeyT,down,alpha,false,20260308_115701,trang_nguyen_s1
timestamp_ms,key_code,event_type,key_class,is_modifier,session_id,user_id
73576.2169,KeyT,up,alpha,false,20260308_115701,trang_nguyen_s1
timestamp_ms,key_code,event_type,key_class,is_modifier,session_id,user_id
73610.607,KeyH,down,alpha,false,20260308_115701,trang_nguyen_s1
timestamp_ms,key_code,event_type,key_class,is_modifier,session_id,user_id
73664.2812,KeyH,up,alpha,false,20260308_115701,trang_nguyen_s1
timestamp_ms,key_code,event_type,key_class,is_modifier,session_id,user_id
73762.1388,KeyI,down,alpha,false,20260308_115701,trang_nguyen_s1
timestamp_ms,key_code,event_type,key_class,is_modifier,session_id,user_id
73817.34419999999,KeyF,down,alpha,false,20260308_115701,trang_nguyen_s1
timestamp_ms,key_code,event_type,key_class,is_modifier,session_id,user_id
73848.6684,KeyI,up,alpha,false,20260308_115701,trang_nguyen_s1
timestamp_ms,key_code,event_type,key_class,is_modifier,session_id,user_id
73880.64610000001,KeyF,up,alpha,false,20260308_115701,trang_nguyen_s1
timestamp_ms,key_code,event_type,key_class,is_modifier,session_id,user_id
73952.9437,Space,down,alpha,false,20260308_115701,trang_nguyen_s1
timestamp_ms,key_code,event_type,key_class,is_modifier,session_id,user_id
74024.2825,Space,up,alpha,false,20260308_115701,trang_nguyen_s1
timestamp_ms,key_code,event_type,key_class,is_modifier,session_id,user_id
74113.2858,KeyT,down,alpha,false,20260308_115701,trang_nguyen_s1
timestamp_ms,key_code,event_type,key_class,is_modifier,session_id,user_id
74144.2836,KeyT,up,alpha,false,20260308_115701,trang_nguyen_s1
timestamp_ms,key_code,event_type,key_class,is_modifier,session_id,user_id
74192.9344,KeyO,down,alpha,false,20260308_115701,trang_nguyen_s1
timestamp_ms,key_code,event_type,key_class,is_modifier,session_id,user_id
74240.62700000001,KeyO,up,alpha,false,20260308_115701,trang_nguyen_s1
timestamp_ms,key_code,event_type,key_class,is_modifier,session_id,user_id
74320.7552,KeyO,down,alpha,false,20260308_115701,trang_nguyen_s1
timestamp_ms,key_code,event_type,key_class,is_modifier,session_id,user_id
74337.3599,KeyT,down,alpha,false,20260308_115701,trang_nguyen_s1
timestamp_ms,key_code,event_type,key_class,is_modifier,session_id,user_id
74408.5161,KeyO,up,alpha,false,20260308_115701,trang_nguyen_s1
timestamp_ms,key_code,event_type,key_class,is_modifier,session_id,user_id
74416.1228,KeyT,up,alpha,false,20260308_115701,trang_nguyen_s1
timestamp_ms,key_code,event_type,key_class,is_modifier,session_id,user_id
74648.95610000001,KeyS,down,alpha,false,20260308_115701,trang_nguyen_s1
timestamp_ms,key_code,event_type,key_class,is_modifier,session_id,user_id
74728.6242,KeyS,up,alpha,false,20260308_115701,trang_nguyen_s1
timestamp_ms,key_code,event_type,key_class,is_modifier,session_id,user_id
76210.51939999999,UpArrow,down,navigation,false,20260308_115701,trang_nguyen_s1
timestamp_ms,key_code,event_type,key_class,is_modifier,session_id,user_id
76272.42839999999,UpArrow,up,navigation,false,20260308_115701,trang_nguyen_s1
timestamp_ms,key_code,event_type,key_class,is_modifier,session_id,user_id
76640.6815,RightArrow,down,navigation,false,20260308_115701,trang_nguyen_s1
timestamp_ms,key_code,event_type,key_class,is_modifier,session_id,user_id
77154.9185,RightArrow,down,navigation,false,20260308_115701,trang_nguyen_s1
timestamp_ms,key_code,event_type,key_class,is_modifier,session_id,user_id
77185.444,RightArrow,down,navigation,false,20260308_115701,trang_nguyen_s1
timestamp_ms,key_code,event_type,key_class,is_modifier,session_id,user_id
77217.9037,RightArrow,down,navigation,false,20260308_115701,trang_nguyen_s1
timestamp_ms,key_code,event_type,key_class,is_modifier,session_id,user_id
77249.16709999999,RightArrow,down,navigation,false,20260308_115701,trang_nguyen_s1
timestamp_ms,key_code,event_type,key_class,is_modifier,session_id,user_id
77281.00619999999,RightArrow,down,navigation,false,20260308_115701,trang_nguyen_s1
timestamp_ms,key_code,event_type,key_class,is_modifier,session_id,user_id
77313.2142,RightArrow,down,navigation,false,20260308_115701,trang_nguyen_s1
timestamp_ms,key_code,event_type,key_class,is_modifier,session_id,user_id
77342.51120000001,RightArrow,down,navigation,false,20260308_115701,trang_nguyen_s1
timestamp_ms,key_code,event_type,key_class,is_modifier,session_id,user_id
77374.02160000001,RightArrow,down,navigation,false,20260308_115701,trang_nguyen_s1
timestamp_ms,key_code,event_type,key_class,is_modifier,session_id,user_id
77405.7239,RightArrow,down,navigation,false,20260308_115701,trang_nguyen_s1
timestamp_ms,key_code,event_type,key_class,is_modifier,session_id,user_id
77451.257,RightArrow,down,navigation,false,20260308_115701,trang_nguyen_s1
timestamp_ms,key_code,event_type,key_class,is_modifier,session_id,user_id
77482.57119999999,RightArrow,down,navigation,false,20260308_115701,trang_nguyen_s1
timestamp_ms,key_code,event_type,key_class,is_modifier,session_id,user_id
77513.81999999999,RightArrow,down,navigation,false,20260308_115701,trang_nguyen_s1
timestamp_ms,key_code,event_type,key_class,is_modifier,session_id,user_id
77545.73569999999,RightArrow,down,navigation,false,20260308_115701,trang_nguyen_s1
timestamp_ms,key_code,event_type,key_class,is_modifier,session_id,user_id
77575.336,RightArrow,down,navigation,false,20260308_115701,trang_nguyen_s1
timestamp_ms,key_code,event_type,key_class,is_modifier,session_id,user_id
77605.94559999999,RightArrow,down,navigation,false,20260308_115701,trang_nguyen_s1
timestamp_ms,key_code,event_type,key_class,is_modifier,session_id,user_id
77636.544,RightArrow,down,navigation,false,20260308_115701,trang_nguyen_s1
timestamp_ms,key_code,event_type,key_class,is_modifier,session_id,user_id
77682.87139999999,RightArrow,down,navigation,false,20260308_115701,trang_nguyen_s1
timestamp_ms,key_code,event_type,key_class,is_modifier,session_id,user_id
77714.09760000001,RightArrow,down,navigation,false,20260308_115701,trang_nguyen_s1
timestamp_ms,key_code,event_type,key_class,is_modifier,session_id,user_id
77745.2258,RightArrow,down,navigation,false,20260308_115701,trang_nguyen_s1
timestamp_ms,key_code,event_type,key_class,is_modifier,session_id,user_id
77776.7228,RightArrow,down,navigation,false,20260308_115701,trang_nguyen_s1
timestamp_ms,key_code,event_type,key_class,is_modifier,session_id,user_id
77806.8473,RightArrow,down,navigation,false,20260308_115701,trang_nguyen_s1
timestamp_ms,key_code,event_type,key_class,is_modifier,session_id,user_id
77839.12329999999,RightArrow,down,navigation,false,20260308_115701,trang_nguyen_s1
timestamp_ms,key_code,event_type,key_class,is_modifier,session_id,user_id
77856.1915,RightArrow,up,navigation,false,20260308_115701,trang_nguyen_s1
timestamp_ms,key_code,event_type,key_class,is_modifier,session_id,user_id
78200.9309,LeftArrow,down,navigation,false,20260308_115701,trang_nguyen_s1
timestamp_ms,key_code,event_type,key_class,is_modifier,session_id,user_id
78264.3106,LeftArrow,up,navigation,false,20260308_115701,trang_nguyen_s1
timestamp_ms,key_code,event_type,key_class,is_modifier,session_id,user_id
78392.4988,LeftArrow,down,navigation,false,20260308_115701,trang_nguyen_s1
timestamp_ms,key_code,event_type,key_class,is_modifier,session_id,user_id
78456.61230000001,LeftArrow,up,navigation,false,20260308_115701,trang_nguyen_s1
timestamp_ms,key_code,event_type,key_class,is_modifier,session_id,user_id
78585.1658,LeftArrow,down,navigation,false,20260308_115701,trang_nguyen_s1
timestamp_ms,key_code,event_type,key_class,is_modifier,session_id,user_id
78656.3608,LeftArrow,up,navigation,false,20260308_115701,trang_nguyen_s1
timestamp_ms,key_code,event_type,key_class,is_modifier,session_id,user_id
78754.2955,LeftArrow,down,navigation,false,20260308_115701,trang_nguyen_s1
timestamp_ms,key_code,event_type,key_class,is_modifier,session_id,user_id
78832.1422,LeftArrow,up,navigation,false,20260308_115701,trang_nguyen_s1
timestamp_ms,key_code,event_type,key_class,is_modifier,session_id,user_id
78920.95390000001,LeftArrow,down,navigation,false,20260308_115701,trang_nguyen_s1
timestamp_ms,key_code,event_type,key_class,is_modifier,session_id,user_id
79016.1786,LeftArrow,up,navigation,false,20260308_115701,trang_nguyen_s1
timestamp_ms,key_code,event_type,key_class,is_modifier,session_id,user_id
79112.97170000001,LeftArrow,down,navigation,false,20260308_115701,trang_nguyen_s1
timestamp_ms,key_code,event_type,key_class,is_modifier,session_id,user_id
79200.40710000001,LeftArrow,up,navigation,false,20260308_115701,trang_nguyen_s1
timestamp_ms,key_code,event_type,key_class,is_modifier,session_id,user_id
79329.81169999999,LeftArrow,down,navigation,false,20260308_115701,trang_nguyen_s1
timestamp_ms,key_code,event_type,key_class,is_modifier,session_id,user_id
79384.2166,LeftArrow,up,navigation,false,20260308_115701,trang_nguyen_s1
timestamp_ms,key_code,event_type,key_class,is_modifier,session_id,user_id
79505.0398,LeftArrow,down,navigation,false,20260308_115701,trang_nguyen_s1
timestamp_ms,key_code,event_type,key_class,is_modifier,session_id,user_id
79560.42499999999,LeftArrow,up,navigation,false,20260308_115701,trang_nguyen_s1
timestamp_ms,key_code,event_type,key_class,is_modifier,session_id,user_id
80153.44949999999,Space,down,alpha,false,20260308_115701,trang_nguyen_s1
timestamp_ms,key_code,event_type,key_class,is_modifier,session_id,user_id
80216.36080000001,Space,up,alpha,false,20260308_115701,trang_nguyen_s1
timestamp_ms,key_code,event_type,key_class,is_modifier,session_id,user_id
80336.9527,KeyB,down,alpha,false,20260308_115701,trang_nguyen_s1
timestamp_ms,key_code,event_type,key_class,is_modifier,session_id,user_id
80401.13010000001,KeyA,down,alpha,false,20260308_115701,trang_nguyen_s1
timestamp_ms,key_code,event_type,key_class,is_modifier,session_id,user_id
80408.4682,KeyB,up,alpha,false,20260308_115701,trang_nguyen_s1
timestamp_ms,key_code,event_type,key_class,is_modifier,session_id,user_id
80456.8543,KeyA,up,alpha,false,20260308_115701,trang_nguyen_s1
timestamp_ms,key_code,event_type,key_class,is_modifier,session_id,user_id
80561.3888,KeyA,down,alpha,false,20260308_115701,trang_nguyen_s1
timestamp_ms,key_code,event_type,key_class,is_modifier,session_id,user_id
80632.6289,KeyA,up,alpha,false,20260308_115701,trang_nguyen_s1
timestamp_ms,key_code,event_type,key_class,is_modifier,session_id,user_id
80657.0234,KeyM,down,alpha,false,20260308_115701,trang_nguyen_s1
timestamp_ms,key_code,event_type,key_class,is_modifier,session_id,user_id
80728.8678,KeyM,up,alpha,false,20260308_115701,trang_nguyen_s1
timestamp_ms,key_code,event_type,key_class,is_modifier,session_id,user_id
80841.2469,Space,down,alpha,false,20260308_115701,trang_nguyen_s1
timestamp_ms,key_code,event_type,key_class,is_modifier,session_id,user_id
80912.3741,Space,up,alpha,false,20260308_115701,trang_nguyen_s1
timestamp_ms,key_code,event_type,key_class,is_modifier,session_id,user_id
81017.6876,KeyD,down,alpha,false,20260308_115701,trang_nguyen_s1
timestamp_ms,key_code,event_type,key_class,is_modifier,session_id,user_id
81072.4556,KeyD,up,alpha,false,20260308_115701,trang_nguyen_s1
timestamp_ms,key_code,event_type,key_class,is_modifier,session_id,user_id
81201.2481,KeyA,down,alpha,false,20260308_115701,trang_nguyen_s1
timestamp_ms,key_code,event_type,key_class,is_modifier,session_id,user_id
81264.50230000001,KeyA,up,alpha,false,20260308_115701,trang_nguyen_s1
timestamp_ms,key_code,event_type,key_class,is_modifier,session_id,user_id
81361.0178,KeyA,down,alpha,false,20260308_115701,trang_nguyen_s1
timestamp_ms,key_code,event_type,key_class,is_modifier,session_id,user_id
81440.5618,KeyA,up,alpha,false,20260308_115701,trang_nguyen_s1
timestamp_ms,key_code,event_type,key_class,is_modifier,session_id,user_id
81496.94900000001,KeyU,down,alpha,false,20260308_115701,trang_nguyen_s1
timestamp_ms,key_code,event_type,key_class,is_modifier,session_id,user_id
81520.8143,KeyS,down,alpha,false,20260308_115701,trang_nguyen_s1
timestamp_ms,key_code,event_type,key_class,is_modifier,session_id,user_id
81584.416,KeyU,up,alpha,false,20260308_115701,trang_nguyen_s1
timestamp_ms,key_code,event_type,key_class,is_modifier,session_id,user_id
81600.3493,KeyS,up,alpha,false,20260308_115701,trang_nguyen_s1
timestamp_ms,key_code,event_type,key_class,is_modifier,session_id,user_id
81664.733,Space,down,alpha,false,20260308_115701,trang_nguyen_s1
timestamp_ms,key_code,event_type,key_class,is_modifier,session_id,user_id
81728.1952,Space,up,alpha,false,20260308_115701,trang_nguyen_s1
timestamp_ms,key_code,event_type,key_class,is_modifier,session_id,user_id
81808.82939999999,KeyC,down,alpha,false,20260308_115701,trang_nguyen_s1
timestamp_ms,key_code,event_type,key_class,is_modifier,session_id,user_id
81888.2979,KeyC,up,alpha,false,20260308_115701,trang_nguyen_s1
timestamp_ms,key_code,event_type,key_class,is_modifier,session_id,user_id
81945.13279999999,KeyA,down,alpha,false,20260308_115701,trang_nguyen_s1
timestamp_ms,key_code,event_type,key_class,is_modifier,session_id,user_id
82041.0357,KeyC,down,alpha,false,20260308_115701,trang_nguyen_s1
timestamp_ms,key_code,event_type,key_class,is_modifier,session_id,user_id
82072.3681,KeyA,up,alpha,false,20260308_115701,trang_nguyen_s1
timestamp_ms,key_code,event_type,key_class,is_modifier,session_id,user_id
82104.9625,KeyS,down,alpha,false,20260308_115701,trang_nguyen_s1
timestamp_ms,key_code,event_type,key_class,is_modifier,session_id,user_id
82152.40269999999,KeyC,up,alpha,false,20260308_115701,trang_nguyen_s1
timestamp_ms,key_code,event_type,key_class,is_modifier,session_id,user_id
82225.6724,KeyH,down,alpha,false,20260308_115701,trang_nguyen_s1
timestamp_ms,key_code,event_type,key_class,is_modifier,session_id,user_id
82233.4793,KeyS,up,alpha,false,20260308_115701,trang_nguyen_s1
timestamp_ms,key_code,event_type,key_class,is_modifier,session_id,user_id
82320.40879999999,KeyH,up,alpha,false,20260308_115701,trang_nguyen_s1
timestamp_ms,key_code,event_type,key_class,is_modifier,session_id,user_id
82330.2674,Space,down,alpha,false,20260308_115701,trang_nguyen_s1
timestamp_ms,key_code,event_type,key_class,is_modifier,session_id,user_id
82400.4298,Space,up,alpha,false,20260308_115701,trang_nguyen_s1
timestamp_ms,key_code,event_type,key_class,is_modifier,session_id,user_id
82712.94260000001,KeyL,down,alpha,false,20260308_115701,trang_nguyen_s1
timestamp_ms,key_code,event_type,key_class,is_modifier,session_id,user_id
82801.9041,KeyA,down,alpha,false,20260308_115701,trang_nguyen_s1
timestamp_ms,key_code,event_type,key_class,is_modifier,session_id,user_id
82808.2231,KeyL,up,alpha,false,20260308_115701,trang_nguyen_s1
timestamp_ms,key_code,event_type,key_class,is_modifier,session_id,user_id
82904.1774,KeyA,up,alpha,false,20260308_115701,trang_nguyen_s1
timestamp_ms,key_code,event_type,key_class,is_modifier,session_id,user_id
82936.5844,KeyF,down,alpha,false,20260308_115701,trang_nguyen_s1
timestamp_ms,key_code,event_type,key_class,is_modifier,session_id,user_id
83008.40329999999,KeyF,up,alpha,false,20260308_115701,trang_nguyen_s1
timestamp_ms,key_code,event_type,key_class,is_modifier,session_id,user_id
83058.4309,Space,down,alpha,false,20260308_115701,trang_nguyen_s1
timestamp_ms,key_code,event_type,key_class,is_modifier,session_id,user_id
83120.445,Space,up,alpha,false,20260308_115701,trang_nguyen_s1
timestamp_ms,key_code,event_type,key_class,is_modifier,session_id,user_id
83528.7456,KeyM,down,alpha,false,20260308_115701,trang_nguyen_s1
timestamp_ms,key_code,event_type,key_class,is_modifier,session_id,user_id
83537.23359999999,KeyN,down,alpha,false,20260308_115701,trang_nguyen_s1
timestamp_ms,key_code,event_type,key_class,is_modifier,session_id,user_id
83552.1263,KeyN,up,alpha,false,20260308_115701,trang_nguyen_s1
timestamp_ms,key_code,event_type,key_class,is_modifier,session_id,user_id
83568.2383,KeyM,up,alpha,false,20260308_115701,trang_nguyen_s1
timestamp_ms,key_code,event_type,key_class,is_modifier,session_id,user_id
83584.9341,KeyA,down,alpha,false,20260308_115701,trang_nguyen_s1
timestamp_ms,key_code,event_type,key_class,is_modifier,session_id,user_id
83640.3125,KeyA,up,alpha,false,20260308_115701,trang_nguyen_s1
timestamp_ms,key_code,event_type,key_class,is_modifier,session_id,user_id
83745.3624,KeyA,down,alpha,false,20260308_115701,trang_nguyen_s1
timestamp_ms,key_code,event_type,key_class,is_modifier,session_id,user_id
83800.337,KeyA,up,alpha,false,20260308_115701,trang_nguyen_s1
timestamp_ms,key_code,event_type,key_class,is_modifier,session_id,user_id
84057.4326,Backspace,down,special,false,20260308_115701,trang_nguyen_s1
timestamp_ms,key_code,event_type,key_class,is_modifier,session_id,user_id
84120.41720000001,Backspace,up,special,false,20260308_115701,trang_nguyen_s1
timestamp_ms,key_code,event_type,key_class,is_modifier,session_id,user_id
84208.84030000001,Backspace,down,special,false,20260308_115701,trang_nguyen_s1
timestamp_ms,key_code,event_type,key_class,is_modifier,session_id,user_id
84256.2869,Backspace,up,special,false,20260308_115701,trang_nguyen_s1
timestamp_ms,key_code,event_type,key_class,is_modifier,session_id,user_id
84353.33559999999,Backspace,down,special,false,20260308_115701,trang_nguyen_s1
timestamp_ms,key_code,event_type,key_class,is_modifier,session_id,user_id
84416.386,Backspace,up,special,false,20260308_115701,trang_nguyen_s1
timestamp_ms,key_code,event_type,key_class,is_modifier,session_id,user_id
84521.1109,KeyA,down,alpha,false,20260308_115701,trang_nguyen_s1
timestamp_ms,key_code,event_type,key_class,is_modifier,session_id,user_id
84584.3706,KeyA,up,alpha,false,20260308_115701,trang_nguyen_s1
timestamp_ms,key_code,event_type,key_class,is_modifier,session_id,user_id
84681.0672,KeyA,down,alpha,false,20260308_115701,trang_nguyen_s1
timestamp_ms,key_code,event_type,key_class,is_modifier,session_id,user_id
84760.46979999999,KeyA,up,alpha,false,20260308_115701,trang_nguyen_s1
timestamp_ms,key_code,event_type,key_class,is_modifier,session_id,user_id
84793.1734,KeyT,down,alpha,false,20260308_115701,trang_nguyen_s1
timestamp_ms,key_code,event_type,key_class,is_modifier,session_id,user_id
84849.521,KeyS,down,alpha,false,20260308_115701,trang_nguyen_s1
timestamp_ms,key_code,event_type,key_class,is_modifier,session_id,user_id
84864.1437,KeyT,up,alpha,false,20260308_115701,trang_nguyen_s1
timestamp_ms,key_code,event_type,key_class,is_modifier,session_id,user_id
84920.36129999999,KeyS,up,alpha,false,20260308_115701,trang_nguyen_s1
timestamp_ms,key_code,event_type,key_class,is_modifier,session_id,user_id
85017.2921,Space,down,alpha,false,20260308_115701,trang_nguyen_s1
timestamp_ms,key_code,event_type,key_class,is_modifier,session_id,user_id
85088.3915,Space,up,alpha,false,20260308_115701,trang_nguyen_s1
timestamp_ms,key_code,event_type,key_class,is_modifier,session_id,user_id
85201.5387,KeyC,down,alpha,false,20260308_115701,trang_nguyen_s1
timestamp_ms,key_code,event_type,key_class,is_modifier,session_id,user_id
85272.79520000001,KeyC,up,alpha,false,20260308_115701,trang_nguyen_s1
timestamp_ms,key_code,event_type,key_class,is_modifier,session_id,user_id
85288.7282,KeyH,down,alpha,false,20260308_115701,trang_nguyen_s1
timestamp_ms,key_code,event_type,key_class,is_modifier,session_id,user_id
85352.3269,KeyH,up,alpha,false,20260308_115701,trang_nguyen_s1
timestamp_ms,key_code,event_type,key_class,is_modifier,session_id,user_id
85451.23220000001,KeyU,down,alpha,false,20260308_115701,trang_nguyen_s1
timestamp_ms,key_code,event_type,key_class,is_modifier,session_id,user_id
85513.0207,KeyW,down,alpha,false,20260308_115701,trang_nguyen_s1
timestamp_ms,key_code,event_type,key_class,is_modifier,session_id,user_id
85528.1811,KeyU,up,alpha,false,20260308_115701,trang_nguyen_s1
timestamp_ms,key_code,event_type,key_class,is_modifier,session_id,user_id
85584.2914,KeyW,up,alpha,false,20260308_115701,trang_nguyen_s1
timestamp_ms,key_code,event_type,key_class,is_modifier,session_id,user_id
85696.6451,KeyX,down,alpha,false,20260308_115701,trang_nguyen_s1
timestamp_ms,key_code,event_type,key_class,is_modifier,session_id,user_id
85768.2258,KeyX,up,alpha,false,20260308_115701,trang_nguyen_s1
timestamp_ms,key_code,event_type,key_class,is_modifier,session_id,user_id
85872.8576,Space,down,alpha,false,20260308_115701,trang_nguyen_s1
timestamp_ms,key_code,event_type,key_class,is_modifier,session_id,user_id
85976.3817,Space,up,alpha,false,20260308_115701,trang_nguyen_s1
timestamp_ms,key_code,event_type,key_class,is_modifier,session_id,user_id
86321.0027,KeyT,down,alpha,false,20260308_115701,trang_nguyen_s1
timestamp_ms,key_code,event_type,key_class,is_modifier,session_id,user_id
86392.8511,KeyR,down,alpha,false,20260308_115701,trang_nguyen_s1
timestamp_ms,key_code,event_type,key_class,is_modifier,session_id,user_id
86400.2424,KeyT,up,alpha,false,20260308_115701,trang_nguyen_s1
timestamp_ms,key_code,event_type,key_class,is_modifier,session_id,user_id
86480.3354,KeyR,up,alpha,false,20260308_115701,trang_nguyen_s1
timestamp_ms,key_code,event_type,key_class,is_modifier,session_id,user_id
86490.95719999999,KeyU,down,alpha,false,20260308_115701,trang_nguyen_s1
timestamp_ms,key_code,event_type,key_class,is_modifier,session_id,user_id
86560.5575,KeyU,up,alpha,false,20260308_115701,trang_nguyen_s1
timestamp_ms,key_code,event_type,key_class,is_modifier,session_id,user_id
86681.7314,KeyO,down,alpha,false,20260308_115701,trang_nguyen_s1
timestamp_ms,key_code,event_type,key_class,is_modifier,session_id,user_id
86729.02840000001,KeyC,down,alpha,false,20260308_115701,trang_nguyen_s1
timestamp_ms,key_code,event_type,key_class,is_modifier,session_id,user_id
86752.3817,KeyO,up,alpha,false,20260308_115701,trang_nguyen_s1
timestamp_ms,key_code,event_type,key_class,is_modifier,session_id,user_id
86792.4237,KeyC,up,alpha,false,20260308_115701,trang_nguyen_s1
timestamp_ms,key_code,event_type,key_class,is_modifier,session_id,user_id
86904.9715,KeyW,down,alpha,false,20260308_115701,trang_nguyen_s1
timestamp_ms,key_code,event_type,key_class,is_modifier,session_id,user_id
86984.4554,KeyW,up,alpha,false,20260308_115701,trang_nguyen_s1
timestamp_ms,key_code,event_type,key_class,is_modifier,session_id,user_id
87105.0886,KeyS,down,alpha,false,20260308_115701,trang_nguyen_s1
timestamp_ms,key_code,event_type,key_class,is_modifier,session_id,user_id
87176.2908,KeyS,up,alpha,false,20260308_115701,trang_nguyen_s1
timestamp_ms,key_code,event_type,key_class,is_modifier,session_id,user_id
88080.84839999999,Space,down,alpha,false,20260308_115701,trang_nguyen_s1
timestamp_ms,key_code,event_type,key_class,is_modifier,session_id,user_id
88152.2165,Space,up,alpha,false,20260308_115701,trang_nguyen_s1
timestamp_ms,key_code,event_type,key_class,is_modifier,session_id,user_id
88240.8688,KeyG,down,alpha,false,20260308_115701,trang_nguyen_s1
timestamp_ms,key_code,event_type,key_class,is_modifier,session_id,user_id
88288.2017,KeyG,up,alpha,false,20260308_115701,trang_nguyen_s1
timestamp_ms,key_code,event_type,key_class,is_modifier,session_id,user_id
88369.099,KeyO,down,alpha,false,20260308_115701,trang_nguyen_s1
timestamp_ms,key_code,event_type,key_class,is_modifier,session_id,user_id
88448.2597,KeyO,up,alpha,false,20260308_115701,trang_nguyen_s1
timestamp_ms,key_code,event_type,key_class,is_modifier,session_id,user_id
88464.9945,KeyX,down,alpha,false,20260308_115701,trang_nguyen_s1
timestamp_ms,key_code,event_type,key_class,is_modifier,session_id,user_id
88536.209,KeyX,up,alpha,false,20260308_115701,trang_nguyen_s1
timestamp_ms,key_code,event_type,key_class,is_modifier,session_id,user_id
88584.6958,Space,down,alpha,false,20260308_115701,trang_nguyen_s1
timestamp_ms,key_code,event_type,key_class,is_modifier,session_id,user_id
88648.2356,Space,up,alpha,false,20260308_115701,trang_nguyen_s1
timestamp_ms,key_code,event_type,key_class,is_modifier,session_id,user_id
88776.6771,KeyM,down,alpha,false,20260308_115701,trang_nguyen_s1
timestamp_ms,key_code,event_type,key_class,is_modifier,session_id,user_id
88848.2204,KeyM,up,alpha,false,20260308_115701,trang_nguyen_s1
timestamp_ms,key_code,event_type,key_class,is_modifier,session_id,user_id
88960.88650000001,KeyO,down,alpha,false,20260308_115701,trang_nguyen_s1
timestamp_ms,key_code,event_type,key_class,is_modifier,session_id,user_id
89024.3604,KeyO,up,alpha,false,20260308_115701,trang_nguyen_s1
timestamp_ms,key_code,event_type,key_class,is_modifier,session_id,user_id
89112.8257,KeyO,down,alpha,false,20260308_115701,trang_nguyen_s1
timestamp_ms,key_code,event_type,key_class,is_modifier,session_id,user_id
89160.8944,KeyT,down,alpha,false,20260308_115701,trang_nguyen_s1
timestamp_ms,key_code,event_type,key_class,is_modifier,session_id,user_id
89192.2421,KeyO,up,alpha,false,20260308_115701,trang_nguyen_s1
timestamp_ms,key_code,event_type,key_class,is_modifier,session_id,user_id
89216.2651,KeyT,up,alpha,false,20260308_115701,trang_nguyen_s1
timestamp_ms,key_code,event_type,key_class,is_modifier,session_id,user_id
89312.8425,KeyJ,down,alpha,false,20260308_115701,trang_nguyen_s1
timestamp_ms,key_code,event_type,key_class,is_modifier,session_id,user_id
89400.18209999999,KeyJ,up,alpha,false,20260308_115701,trang_nguyen_s1
timestamp_ms,key_code,event_type,key_class,is_modifier,session_id,user_id
89402.3514,Space,down,alpha,false,20260308_115701,trang_nguyen_s1
timestamp_ms,key_code,event_type,key_class,is_modifier,session_id,user_id
89472.7323,Space,up,alpha,false,20260308_115701,trang_nguyen_s1
timestamp_ms,key_code,event_type,key_class,is_modifier,session_id,user_id
89576.5772,KeyL,down,alpha,false,20260308_115701,trang_nguyen_s1
timestamp_ms,key_code,event_type,key_class,is_modifier,session_id,user_id
89648.7899,KeyA,down,alpha,false,20260308_115701,trang_nguyen_s1
timestamp_ms,key_code,event_type,key_class,is_modifier,session_id,user_id
89656.2095,KeyL,up,alpha,false,20260308_115701,trang_nguyen_s1
timestamp_ms,key_code,event_type,key_class,is_modifier,session_id,user_id
89728.42020000001,KeyA,up,alpha,false,20260308_115701,trang_nguyen_s1
timestamp_ms,key_code,event_type,key_class,is_modifier,session_id,user_id
89824.8511,KeyA,down,alpha,false,20260308_115701,trang_nguyen_s1
timestamp_ms,key_code,event_type,key_class,is_modifier,session_id,user_id
89920.21459999999,KeyA,up,alpha,false,20260308_115701,trang_nguyen_s1
timestamp_ms,key_code,event_type,key_class,is_modifier,session_id,user_id
89944.7731,KeyN,down,alpha,false,20260308_115701,trang_nguyen_s1
timestamp_ms,key_code,event_type,key_class,is_modifier,session_id,user_id
90016.3269,KeyN,up,alpha,false,20260308_115701,trang_nguyen_s1
timestamp_ms,key_code,event_type,key_class,is_modifier,session_id,user_id
90019.7083,KeyF,down,alpha,false,20260308_115701,trang_nguyen_s1
timestamp_ms,key_code,event_type,key_class,is_modifier,session_id,user_id
90088.1951,KeyF,up,alpha,false,20260308_115701,trang_nguyen_s1
timestamp_ms,key_code,event_type,key_class,is_modifier,session_id,user_id
90153.4276,Space,down,alpha,false,20260308_115701,trang_nguyen_s1
timestamp_ms,key_code,event_type,key_class,is_modifier,session_id,user_id
90232.2434,Space,up,alpha,false,20260308_115701,trang_nguyen_s1
timestamp_ms,key_code,event_type,key_class,is_modifier,session_id,user_id
90392.9809,KeyM,down,alpha,false,20260308_115701,trang_nguyen_s1
timestamp_ms,key_code,event_type,key_class,is_modifier,session_id,user_id
90464.4046,KeyM,up,alpha,false,20260308_115701,trang_nguyen_s1
timestamp_ms,key_code,event_type,key_class,is_modifier,session_id,user_id
90593.0258,KeyO,down,alpha,false,20260308_115701,trang_nguyen_s1
timestamp_ms,key_code,event_type,key_class,is_modifier,session_id,user_id
90664.3334,KeyO,up,alpha,false,20260308_115701,trang_nguyen_s1
timestamp_ms,key_code,event_type,key_class,is_modifier,session_id,user_id
90728.9311,KeyT,down,alpha,false,20260308_115701,trang_nguyen_s1
timestamp_ms,key_code,event_type,key_class,is_modifier,session_id,user_id
90752.7138,KeyO,down,alpha,false,20260308_115701,trang_nguyen_s1
timestamp_ms,key_code,event_type,key_class,is_modifier,session_id,user_id
90800.3868,KeyT,up,alpha,false,20260308_115701,trang_nguyen_s1
timestamp_ms,key_code,event_type,key_class,is_modifier,session_id,user_id
90824.30750000001,KeyO,up,alpha,false,20260308_115701,trang_nguyen_s1
timestamp_ms,key_code,event_type,key_class,is_modifier,session_id,user_id
90960.7432,KeyJ,down,alpha,false,20260308_115701,trang_nguyen_s1
timestamp_ms,key_code,event_type,key_class,is_modifier,session_id,user_id
91032.8045,Space,down,alpha,false,20260308_115701,trang_nguyen_s1
timestamp_ms,key_code,event_type,key_class,is_modifier,session_id,user_id
91040.6578,KeyJ,up,alpha,false,20260308_115701,trang_nguyen_s1
timestamp_ms,key_code,event_type,key_class,is_modifier,session_id,user_id
91112.2155,Space,up,alpha,false,20260308_115701,trang_nguyen_s1
timestamp_ms,key_code,event_type,key_class,is_modifier,session_id,user_id
91259.0817,KeyC,down,alpha,false,20260308_115701,trang_nguyen_s1
timestamp_ms,key_code,event_type,key_class,is_modifier,session_id,user_id
91328.36720000001,KeyC,up,alpha,false,20260308_115701,trang_nguyen_s1
timestamp_ms,key_code,event_type,key_class,is_modifier,session_id,user_id
91353.06749999999,KeyH,down,alpha,false,20260308_115701,trang_nguyen_s1
timestamp_ms,key_code,event_type,key_class,is_modifier,session_id,user_id
91416.4571,KeyH,up,alpha,false,20260308_115701,trang_nguyen_s1
timestamp_ms,key_code,event_type,key_class,is_modifier,session_id,user_id
91513.11970000001,KeyU,down,alpha,false,20260308_115701,trang_nguyen_s1
timestamp_ms,key_code,event_type,key_class,is_modifier,session_id,user_id
91578.52309999999,KeyW,down,alpha,false,20260308_115701,trang_nguyen_s1
timestamp_ms,key_code,event_type,key_class,is_modifier,session_id,user_id
91600.2427,KeyU,up,alpha,false,20260308_115701,trang_nguyen_s1
timestamp_ms,key_code,event_type,key_class,is_modifier,session_id,user_id
91648.3431,KeyW,up,alpha,false,20260308_115701,trang_nguyen_s1
timestamp_ms,key_code,event_type,key_class,is_modifier,session_id,user_id
91785.5119,KeyX,down,alpha,false,20260308_115701,trang_nguyen_s1
timestamp_ms,key_code,event_type,key_class,is_modifier,session_id,user_id
91840.67090000001,KeyX,up,alpha,false,20260308_115701,trang_nguyen_s1
timestamp_ms,key_code,event_type,key_class,is_modifier,session_id,user_id
92248.98819999999,Space,down,alpha,false,20260308_115701,trang_nguyen_s1
timestamp_ms,key_code,event_type,key_class,is_modifier,session_id,user_id
92328.45550000001,Space,up,alpha,false,20260308_115701,trang_nguyen_s1
timestamp_ms,key_code,event_type,key_class,is_modifier,session_id,user_id
92753.2094,KeyC,down,alpha,false,20260308_115701,trang_nguyen_s1
timestamp_ms,key_code,event_type,key_class,is_modifier,session_id,user_id
92816.3615,KeyC,up,alpha,false,20260308_115701,trang_nguyen_s1
timestamp_ms,key_code,event_type,key_class,is_modifier,session_id,user_id
92857.4098,KeyH,down,alpha,false,20260308_115701,trang_nguyen_s1
timestamp_ms,key_code,event_type,key_class,is_modifier,session_id,user_id
92912.4307,KeyH,up,alpha,false,20260308_115701,trang_nguyen_s1
timestamp_ms,key_code,event_type,key_class,is_modifier,session_id,user_id
93017.2728,KeyU,down,alpha,false,20260308_115701,trang_nguyen_s1
timestamp_ms,key_code,event_type,key_class,is_modifier,session_id,user_id
93033.4901,KeyW,down,alpha,false,20260308_115701,trang_nguyen_s1
timestamp_ms,key_code,event_type,key_class,is_modifier,session_id,user_id
93088.54,KeyU,up,alpha,false,20260308_115701,trang_nguyen_s1
timestamp_ms,key_code,event_type,key_class,is_modifier,session_id,user_id
93120.4089,KeyW,up,alpha,false,20260308_115701,trang_nguyen_s1
timestamp_ms,key_code,event_type,key_class,is_modifier,session_id,user_id
93217.0969,KeyS,down,alpha,false,20260308_115701,trang_nguyen_s1
timestamp_ms,key_code,event_type,key_class,is_modifier,session_id,user_id
93280.3927,KeyS,up,alpha,false,20260308_115701,trang_nguyen_s1
timestamp_ms,key_code,event_type,key_class,is_modifier,session_id,user_id
93291.6337,Space,down,alpha,false,20260308_115701,trang_nguyen_s1
timestamp_ms,key_code,event_type,key_class,is_modifier,session_id,user_id
93352.4994,Space,up,alpha,false,20260308_115701,trang_nguyen_s1
timestamp_ms,key_code,event_type,key_class,is_modifier,session_id,user_id
93425.4742,KeyK,down,alpha,false,20260308_115701,trang_nguyen_s1
timestamp_ms,key_code,event_type,key_class,is_modifier,session_id,user_id
93504.3643,KeyK,up,alpha,false,20260308_115701,trang_nguyen_s1
timestamp_ms,key_code,event_type,key_class,is_modifier,session_id,user_id
93537.1769,KeyH,down,alpha,false,20260308_115701,trang_nguyen_s1
timestamp_ms,key_code,event_type,key_class,is_modifier,session_id,user_id
93608.54639999999,KeyH,up,alpha,false,20260308_115701,trang_nguyen_s1
timestamp_ms,key_code,event_type,key_class,is_modifier,session_id,user_id
93617.6381,KeyO,down,alpha,false,20260308_115701,trang_nguyen_s1
timestamp_ms,key_code,event_type,key_class,is_modifier,session_id,user_id
93688.48199999999,KeyO,up,alpha,false,20260308_115701,trang_nguyen_s1
timestamp_ms,key_code,event_type,key_class,is_modifier,session_id,user_id
93778.94589999999,KeyO,down,alpha,false,20260308_115701,trang_nguyen_s1
timestamp_ms,key_code,event_type,key_class,is_modifier,session_id,user_id
93816.9139,KeyN,down,alpha,false,20260308_115701,trang_nguyen_s1
timestamp_ms,key_code,event_type,key_class,is_modifier,session_id,user_id
93848.2486,KeyO,up,alpha,false,20260308_115701,trang_nguyen_s1
timestamp_ms,key_code,event_type,key_class,is_modifier,session_id,user_id
93880.5222,KeyN,up,alpha,false,20260308_115701,trang_nguyen_s1
timestamp_ms,key_code,event_type,key_class,is_modifier,session_id,user_id
93896.96519999999,KeyG,down,alpha,false,20260308_115701,trang_nguyen_s1
timestamp_ms,key_code,event_type,key_class,is_modifier,session_id,user_id
93944.49710000001,KeyG,up,alpha,false,20260308_115701,trang_nguyen_s1
timestamp_ms,key_code,event_type,key_class,is_modifier,session_id,user_id
94033.0132,Space,down,alpha,false,20260308_115701,trang_nguyen_s1
timestamp_ms,key_code,event_type,key_class,is_modifier,session_id,user_id
94096.4087,Space,up,alpha,false,20260308_115701,trang_nguyen_s1
timestamp_ms,key_code,event_type,key_class,is_modifier,session_id,user_id
94249.5699,KeyH,down,alpha,false,20260308_115701,trang_nguyen_s1
timestamp_ms,key_code,event_type,key_class,is_modifier,session_id,user_id
94304.22559999999,KeyH,up,alpha,false,20260308_115701,trang_nguyen_s1
timestamp_ms,key_code,event_type,key_class,is_modifier,session_id,user_id
94425.5517,KeyI,down,alpha,false,20260308_115701,trang_nguyen_s1
timestamp_ms,key_code,event_type,key_class,is_modifier,session_id,user_id
94496.4007,KeyI,up,alpha,false,20260308_115701,trang_nguyen_s1
timestamp_ms,key_code,event_type,key_class,is_modifier,session_id,user_id
94499.62030000001,KeyE,down,alpha,false,20260308_115701,trang_nguyen_s1
timestamp_ms,key_code,event_type,key_class,is_modifier,session_id,user_id
94528.7011,KeyE,up,alpha,false,20260308_115701,trang_nguyen_s1
timestamp_ms,key_code,event_type,key_class,is_modifier,session_id,user_id
94617.2142,KeyE,down,alpha,false,20260308_115701,trang_nguyen_s1
timestamp_ms,key_code,event_type,key_class,is_modifier,session_id,user_id
94673.3228,KeyN,down,alpha,false,20260308_115701,trang_nguyen_s1
timestamp_ms,key_code,event_type,key_class,is_modifier,session_id,user_id
94688.3283,KeyE,up,alpha,false,20260308_115701,trang_nguyen_s1
timestamp_ms,key_code,event_type,key_class,is_modifier,session_id,user_id
94736.1411,KeyN,up,alpha,false,20260308_115701,trang_nguyen_s1
timestamp_ms,key_code,event_type,key_class,is_modifier,session_id,user_id
94833.4066,KeyJ,down,alpha,false,20260308_115701,trang_nguyen_s1
timestamp_ms,key_code,event_type,key_class,is_modifier,session_id,user_id
94912.79550000001,KeyJ,up,alpha,false,20260308_115701,trang_nguyen_s1
timestamp_ms,key_code,event_type,key_class,is_modifier,session_id,user_id
94937.0638,Space,down,alpha,false,20260308_115701,trang_nguyen_s1
timestamp_ms,key_code,event_type,key_class,is_modifier,session_id,user_id
95008.4737,Space,up,alpha,false,20260308_115701,trang_nguyen_s1
timestamp_ms,key_code,event_type,key_class,is_modifier,session_id,user_id
95105.7724,KeyD,down,alpha,false,20260308_115701,trang_nguyen_s1
timestamp_ms,key_code,event_type,key_class,is_modifier,session_id,user_id
95168.419,KeyD,up,alpha,false,20260308_115701,trang_nguyen_s1
timestamp_ms,key_code,event_type,key_class,is_modifier,session_id,user_id
95265.5616,KeyD,down,alpha,false,20260308_115701,trang_nguyen_s1
timestamp_ms,key_code,event_type,key_class,is_modifier,session_id,user_id
95328.204,KeyD,up,alpha,false,20260308_115701,trang_nguyen_s1
timestamp_ms,key_code,event_type,key_class,is_modifier,session_id,user_id
95337.74870000001,KeyO,down,alpha,false,20260308_115701,trang_nguyen_s1
timestamp_ms,key_code,event_type,key_class,is_modifier,session_id,user_id
95416.719,KeyO,up,alpha,false,20260308_115701,trang_nguyen_s1
timestamp_ms,key_code,event_type,key_class,is_modifier,session_id,user_id
95449.1908,KeyA,down,alpha,false,20260308_115701,trang_nguyen_s1
timestamp_ms,key_code,event_type,key_class,is_modifier,session_id,user_id
95528.341,KeyA,up,alpha,false,20260308_115701,trang_nguyen_s1
timestamp_ms,key_code,event_type,key_class,is_modifier,session_id,user_id
95569.0301,KeyN,down,alpha,false,20260308_115701,trang_nguyen_s1
timestamp_ms,key_code,event_type,key_class,is_modifier,session_id,user_id
95632.3668,KeyN,up,alpha,false,20260308_115701,trang_nguyen_s1
timestamp_ms,key_code,event_type,key_class,is_modifier,session_id,user_id
95721.3153,KeyJ,down,alpha,false,20260308_115701,trang_nguyen_s1
timestamp_ms,key_code,event_type,key_class,is_modifier,session_id,user_id
95800.3533,KeyJ,up,alpha,false,20260308_115701,trang_nguyen_s1
timestamp_ms,key_code,event_type,key_class,is_modifier,session_id,user_id
95808.9957,Space,down,alpha,false,20260308_115701,trang_nguyen_s1
timestamp_ms,key_code,event_type,key_class,is_modifier,session_id,user_id
95896.53319999999,Space,up,alpha,false,20260308_115701,trang_nguyen_s1
timestamp_ms,key_code,event_type,key_class,is_modifier,session_id,user_id
96009.4366,KeyV,down,alpha,false,20260308_115701,trang_nguyen_s1
timestamp_ms,key_code,event_type,key_class,is_modifier,session_id,user_id
96096.25660000001,KeyV,up,alpha,false,20260308_115701,trang_nguyen_s1
timestamp_ms,key_code,event_type,key_class,is_modifier,session_id,user_id
96105.6916,KeyA,down,alpha,false,20260308_115701,trang_nguyen_s1
timestamp_ms,key_code,event_type,key_class,is_modifier,session_id,user_id
96250.0055,KeyN,down,alpha,false,20260308_115701,trang_nguyen_s1
timestamp_ms,key_code,event_type,key_class,is_modifier,session_id,user_id
96264.8115,KeyW,down,alpha,false,20260308_115701,trang_nguyen_s1
timestamp_ms,key_code,event_type,key_class,is_modifier,session_id,user_id
96272.1324,KeyA,up,alpha,false,20260308_115701,trang_nguyen_s1
timestamp_ms,key_code,event_type,key_class,is_modifier,session_id,user_id
96344.91660000001,KeyN,up,alpha,false,20260308_115701,trang_nguyen_s1
timestamp_ms,key_code,event_type,key_class,is_modifier,session_id,user_id
96352.74320000001,KeyW,up,alpha,false,20260308_115701,trang_nguyen_s1
timestamp_ms,key_code,event_type,key_class,is_modifier,session_id,user_id
96457.0065,Space,down,alpha,false,20260308_115701,trang_nguyen_s1
timestamp_ms,key_code,event_type,key_class,is_modifier,session_id,user_id
96504.7638,Space,up,alpha,false,20260308_115701,trang_nguyen_s1
timestamp_ms,key_code,event_type,key_class,is_modifier,session_id,user_id
96681.4106,Return,down,special,false,20260308_115701,trang_nguyen_s1
timestamp_ms,key_code,event_type,key_class,is_modifier,session_id,user_id
96736.0974,Return,up,special,false,20260308_115701,trang_nguyen_s1
timestamp_ms,key_code,event_type,key_class,is_modifier,session_id,user_id
116489.0597,Alt,down,modifier,true,20260308_115701,trang_nguyen_s1
timestamp_ms,key_code,event_type,key_class,is_modifier,session_id,user_id
116585.0442,Tab,down,special,false,20260308_115701,trang_nguyen_s1
timestamp_ms,key_code,event_type,key_class,is_modifier,session_id,user_id
116688.3433,Alt,up,modifier,true,20260308_115701,trang_nguyen_s1
timestamp_ms,key_code,event_type,key_class,is_modifier,session_id,user_id
116728.205,Tab,up,special,false,20260308_115701,trang_nguyen_s1
