timestamp_ms,key_code,event_type,key_class,is_modifier,session_id,user_id
timestamp_ms,key_code,event_type,key_class,is_modifier,session_id,user_id
102.01050000000001,Minus,up,other,false,20260308_111815,duong_thanh_mong_s1
timestamp_ms,key_code,event_type,key_class,is_modifier,session_id,user_id
125.8978,ShiftRight,up,modifier,true,20260308_111815,duong_thanh_mong_s1
timestamp_ms,key_code,event_type,key_class,is_modifier,session_id,user_id
3095.1127,KeyD,down,alpha,false,20260308_111815,duong_thanh_mong_s1
timestamp_ms,key_code,event_type,key_class,is_modifier,session_id,user_id
3133.8807,KeyD,up,alpha,false,20260308_111815,duong_thanh_mong_s1
timestamp_ms,key_code,event_type,key_class,is_modifier,session_id,user_id
3222.9373,KeyD,down,alpha,false,20260308_111815,duong_thanh_mong_s1
timestamp_ms,key_code,event_type,key_class,is_modifier,session_id,user_id
3277.9975,KeyD,up,alpha,false,20260308_111815,duong_thanh_mong_s1
timestamp_ms,key_code,event_type,key_class,is_modifier,session_id,user_id
3334.8778,KeyA,down,alpha,false,20260308_111815,duong_thanh_mong_s1
timestamp_ms,key_code,event_type,key_class,is_modifier,session_id,user_id
3438.1057,KeyA,up,alpha,false,20260308_111815,duong_thanh_mong_s1
timestamp_ms,key_code,event_type,key_class,is_modifier,session_id,user_id
3447.5189,KeyN,down,alpha,false,20260308_111815,duong_thanh_mong_s1
timestamp_ms,key_code,event_type,key_class,is_modifier,session_id,user_id
3501.904,KeyN,up,alpha,false,20260308_111815,duong_thanh_mong_s1
timestamp_ms,key_code,event_type,key_class,is_modifier,session_id,user_id
3582.7182,KeyG,down,alpha,false,20260308_111815,duong_thanh_mong_s1
timestamp_ms,key_code,event_type,key_class,is_modifier,session_id,user_id
3678.1785999999997,KeyG,up,alpha,false,20260308_111815,duong_thanh_mong_s1
timestamp_ms,key_code,event_type,key_class,is_modifier,session_id,user_id
3694.7623,Space,down,alpha,false,20260308_111815,duong_thanh_mong_s1
timestamp_ms,key_code,event_type,key_class,is_modifier,session_id,user_id
3790.0635,Space,up,alpha,false,20260308_111815,duong_thanh_mong_s1
timestamp_ms,key_code,event_type,key_class,is_modifier,session_id,user_id
4166.9711,KeyC,down,alpha,false,20260308_111815,duong_thanh_mong_s1
timestamp_ms,key_code,event_type,key_class,is_modifier,session_id,user_id
4230.258,KeyC,up,alpha,false,20260308_111815,duong_thanh_mong_s1
timestamp_ms,key_code,event_type,key_class,is_modifier,session_id,user_id
4279.0566,KeyO,down,alpha,false,20260308_111815,duong_thanh_mong_s1
timestamp_ms,key_code,event_type,key_class,is_modifier,session_id,user_id
4374.164699999999,KeyO,up,alpha,false,20260308_111815,duong_thanh_mong_s1
timestamp_ms,key_code,event_type,key_class,is_modifier,session_id,user_id
4974.4538,KeyS,down,alpha,false,20260308_111815,duong_thanh_mong_s1
timestamp_ms,key_code,event_type,key_class,is_modifier,session_id,user_id
5054.2868,KeyS,up,alpha,false,20260308_111815,duong_thanh_mong_s1
timestamp_ms,key_code,event_type,key_class,is_modifier,session_id,user_id
5120.0282,Space,down,alpha,false,20260308_111815,duong_thanh_mong_s1
timestamp_ms,key_code,event_type,key_class,is_modifier,session_id,user_id
5190.0828,Space,up,alpha,false,20260308_111815,duong_thanh_mong_s1
timestamp_ms,key_code,event_type,key_class,is_modifier,session_id,user_id
5270.7516,KeyL,down,alpha,false,20260308_111815,duong_thanh_mong_s1
timestamp_ms,key_code,event_type,key_class,is_modifier,session_id,user_id
5342.1072,KeyL,up,alpha,false,20260308_111815,duong_thanh_mong_s1
timestamp_ms,key_code,event_type,key_class,is_modifier,session_id,user_id
5454.9937,KeyO,down,alpha,false,20260308_111815,duong_thanh_mong_s1
timestamp_ms,key_code,event_type,key_class,is_modifier,session_id,user_id
5510.0516,KeyO,up,alpha,false,20260308_111815,duong_thanh_mong_s1
timestamp_ms,key_code,event_type,key_class,is_modifier,session_id,user_id
5590.6744,KeyO,down,alpha,false,20260308_111815,duong_thanh_mong_s1
timestamp_ms,key_code,event_type,key_class,is_modifier,session_id,user_id
5638.647599999999,KeyO,up,alpha,false,20260308_111815,duong_thanh_mong_s1
timestamp_ms,key_code,event_type,key_class,is_modifier,session_id,user_id
5727.0305,KeyI,down,alpha,false,20260308_111815,duong_thanh_mong_s1
timestamp_ms,key_code,event_type,key_class,is_modifier,session_id,user_id
5767.1242999999995,KeyX,down,alpha,false,20260308_111815,duong_thanh_mong_s1
timestamp_ms,key_code,event_type,key_class,is_modifier,session_id,user_id
5805.9839,KeyI,up,alpha,false,20260308_111815,duong_thanh_mong_s1
timestamp_ms,key_code,event_type,key_class,is_modifier,session_id,user_id
5822.083799999999,KeyX,up,alpha,false,20260308_111815,duong_thanh_mong_s1
timestamp_ms,key_code,event_type,key_class,is_modifier,session_id,user_id
5847.0483,Space,down,alpha,false,20260308_111815,duong_thanh_mong_s1
timestamp_ms,key_code,event_type,key_class,is_modifier,session_id,user_id
5894.1519,Space,up,alpha,false,20260308_111815,duong_thanh_mong_s1
timestamp_ms,key_code,event_type,key_class,is_modifier,session_id,user_id
5967.0777,KeyK,down,alpha,false,20260308_111815,duong_thanh_mong_s1
timestamp_ms,key_code,event_type,key_class,is_modifier,session_id,user_id
6038.0757,KeyK,up,alpha,false,20260308_111815,duong_thanh_mong_s1
timestamp_ms,key_code,event_type,key_class,is_modifier,session_id,user_id
6150.7684,KeyH,down,alpha,false,20260308_111815,duong_thanh_mong_s1
timestamp_ms,key_code,event_type,key_class,is_modifier,session_id,user_id
6190.068700000001,KeyH,up,alpha,false,20260308_111815,duong_thanh_mong_s1
timestamp_ms,key_code,event_type,key_class,is_modifier,session_id,user_id
6310.765,KeyI,down,alpha,false,20260308_111815,duong_thanh_mong_s1
timestamp_ms,key_code,event_type,key_class,is_modifier,session_id,user_id
6414.1483,KeyI,up,alpha,false,20260308_111815,duong_thanh_mong_s1
timestamp_ms,key_code,event_type,key_class,is_modifier,session_id,user_id
6423.1675,Space,down,alpha,false,20260308_111815,duong_thanh_mong_s1
timestamp_ms,key_code,event_type,key_class,is_modifier,session_id,user_id
6494.158600000001,Space,up,alpha,false,20260308_111815,duong_thanh_mong_s1
timestamp_ms,key_code,event_type,key_class,is_modifier,session_id,user_id
6646.9373000000005,KeyT,down,alpha,false,20260308_111815,duong_thanh_mong_s1
timestamp_ms,key_code,event_type,key_class,is_modifier,session_id,user_id
6718.0999,KeyT,up,alpha,false,20260308_111815,duong_thanh_mong_s1
timestamp_ms,key_code,event_type,key_class,is_modifier,session_id,user_id
6735.0719,KeyO,down,alpha,false,20260308_111815,duong_thanh_mong_s1
timestamp_ms,key_code,event_type,key_class,is_modifier,session_id,user_id
6790.4599,KeyO,up,alpha,false,20260308_111815,duong_thanh_mong_s1
timestamp_ms,key_code,event_type,key_class,is_modifier,session_id,user_id
6879.0634,KeyO,down,alpha,false,20260308_111815,duong_thanh_mong_s1
timestamp_ms,key_code,event_type,key_class,is_modifier,session_id,user_id
6918.103099999999,KeyO,up,alpha,false,20260308_111815,duong_thanh_mong_s1
timestamp_ms,key_code,event_type,key_class,is_modifier,session_id,user_id
7006.9822,KeyI,down,alpha,false,20260308_111815,duong_thanh_mong_s1
timestamp_ms,key_code,event_type,key_class,is_modifier,session_id,user_id
7094.3454,KeyI,up,alpha,false,20260308_111815,duong_thanh_mong_s1
timestamp_ms,key_code,event_type,key_class,is_modifier,session_id,user_id
7098.4469,Space,down,alpha,false,20260308_111815,duong_thanh_mong_s1
timestamp_ms,key_code,event_type,key_class,is_modifier,session_id,user_id
7166.010499999999,Space,up,alpha,false,20260308_111815,duong_thanh_mong_s1
timestamp_ms,key_code,event_type,key_class,is_modifier,session_id,user_id
7231.216899999999,KeyG,down,alpha,false,20260308_111815,duong_thanh_mong_s1
timestamp_ms,key_code,event_type,key_class,is_modifier,session_id,user_id
7302.5265,KeyG,up,alpha,false,20260308_111815,duong_thanh_mong_s1
timestamp_ms,key_code,event_type,key_class,is_modifier,session_id,user_id
7358.750599999999,KeyO,down,alpha,false,20260308_111815,duong_thanh_mong_s1
timestamp_ms,key_code,event_type,key_class,is_modifier,session_id,user_id
7446.0477,KeyO,up,alpha,false,20260308_111815,duong_thanh_mong_s1
timestamp_ms,key_code,event_type,key_class,is_modifier,session_id,user_id
7510.8624,KeyX,down,alpha,false,20260308_111815,duong_thanh_mong_s1
timestamp_ms,key_code,event_type,key_class,is_modifier,session_id,user_id
7598.3814,KeyX,up,alpha,false,20260308_111815,duong_thanh_mong_s1
timestamp_ms,key_code,event_type,key_class,is_modifier,session_id,user_id
7734.9573,Space,down,alpha,false,20260308_111815,duong_thanh_mong_s1
timestamp_ms,key_code,event_type,key_class,is_modifier,session_id,user_id
7797.9999,Space,up,alpha,false,20260308_111815,duong_thanh_mong_s1
timestamp_ms,key_code,event_type,key_class,is_modifier,session_id,user_id
8014.9402,KeyD,down,alpha,false,20260308_111815,duong_thanh_mong_s1
timestamp_ms,key_code,event_type,key_class,is_modifier,session_id,user_id
8070.155400000001,KeyD,up,alpha,false,20260308_111815,duong_thanh_mong_s1
timestamp_ms,key_code,event_type,key_class,is_modifier,session_id,user_id
8158.9319000000005,KeyD,down,alpha,false,20260308_111815,duong_thanh_mong_s1
timestamp_ms,key_code,event_type,key_class,is_modifier,session_id,user_id
8213.949700000001,KeyD,up,alpha,false,20260308_111815,duong_thanh_mong_s1
timestamp_ms,key_code,event_type,key_class,is_modifier,session_id,user_id
8216.009,KeyO,down,alpha,false,20260308_111815,duong_thanh_mong_s1
timestamp_ms,key_code,event_type,key_class,is_modifier,session_id,user_id
8302.1317,KeyO,up,alpha,false,20260308_111815,duong_thanh_mong_s1
timestamp_ms,key_code,event_type,key_class,is_modifier,session_id,user_id
8318.895700000001,KeyA,down,alpha,false,20260308_111815,duong_thanh_mong_s1
timestamp_ms,key_code,event_type,key_class,is_modifier,session_id,user_id
8422.057799999999,KeyA,up,alpha,false,20260308_111815,duong_thanh_mong_s1
timestamp_ms,key_code,event_type,key_class,is_modifier,session_id,user_id
8455.034599999999,KeyN,down,alpha,false,20260308_111815,duong_thanh_mong_s1
timestamp_ms,key_code,event_type,key_class,is_modifier,session_id,user_id
8518.1443,KeyN,up,alpha,false,20260308_111815,duong_thanh_mong_s1
timestamp_ms,key_code,event_type,key_class,is_modifier,session_id,user_id
8614.9489,KeyJ,down,alpha,false,20260308_111815,duong_thanh_mong_s1
timestamp_ms,key_code,event_type,key_class,is_modifier,session_id,user_id
8702.1244,KeyJ,up,alpha,false,20260308_111815,duong_thanh_mong_s1
timestamp_ms,key_code,event_type,key_class,is_modifier,session_id,user_id
8705.4198,Space,down,alpha,false,20260308_111815,duong_thanh_mong_s1
timestamp_ms,key_code,event_type,key_class,is_modifier,session_id,user_id
8790.128299999998,Space,up,alpha,false,20260308_111815,duong_thanh_mong_s1
timestamp_ms,key_code,event_type,key_class,is_modifier,session_id,user_id
8902.9336,KeyV,down,alpha,false,20260308_111815,duong_thanh_mong_s1
timestamp_ms,key_code,event_type,key_class,is_modifier,session_id,user_id
8958.1794,KeyV,up,alpha,false,20260308_111815,duong_thanh_mong_s1
timestamp_ms,key_code,event_type,key_class,is_modifier,session_id,user_id
9006.849199999999,KeyA,down,alpha,false,20260308_111815,duong_thanh_mong_s1
timestamp_ms,key_code,event_type,key_class,is_modifier,session_id,user_id
9127.0847,KeyN,down,alpha,false,20260308_111815,duong_thanh_mong_s1
timestamp_ms,key_code,event_type,key_class,is_modifier,session_id,user_id
9134.3916,KeyA,up,alpha,false,20260308_111815,duong_thanh_mong_s1
timestamp_ms,key_code,event_type,key_class,is_modifier,session_id,user_id
9142.9601,KeyW,down,alpha,false,20260308_111815,duong_thanh_mong_s1
timestamp_ms,key_code,event_type,key_class,is_modifier,session_id,user_id
9206.1031,KeyN,up,alpha,false,20260308_111815,duong_thanh_mong_s1
timestamp_ms,key_code,event_type,key_class,is_modifier,session_id,user_id
9214.0774,KeyW,up,alpha,false,20260308_111815,duong_thanh_mong_s1
timestamp_ms,key_code,event_type,key_class,is_modifier,session_id,user_id
9358.5737,Space,down,alpha,false,20260308_111815,duong_thanh_mong_s1
timestamp_ms,key_code,event_type,key_class,is_modifier,session_id,user_id
9430.1608,Space,up,alpha,false,20260308_111815,duong_thanh_mong_s1
timestamp_ms,key_code,event_type,key_class,is_modifier,session_id,user_id
10062.9252,KeyK,down,alpha,false,20260308_111815,duong_thanh_mong_s1
timestamp_ms,key_code,event_type,key_class,is_modifier,session_id,user_id
10126.052899999999,KeyK,up,alpha,false,20260308_111815,duong_thanh_mong_s1
timestamp_ms,key_code,event_type,key_class,is_modifier,session_id,user_id
10238.9302,KeyH,down,alpha,false,20260308_111815,duong_thanh_mong_s1
timestamp_ms,key_code,event_type,key_class,is_modifier,session_id,user_id
10302.1683,KeyH,up,alpha,false,20260308_111815,duong_thanh_mong_s1
timestamp_ms,key_code,event_type,key_class,is_modifier,session_id,user_id
10406.9517,KeyI,down,alpha,false,20260308_111815,duong_thanh_mong_s1
timestamp_ms,key_code,event_type,key_class,is_modifier,session_id,user_id
10526.061800000001,KeyI,up,alpha,false,20260308_111815,duong_thanh_mong_s1
timestamp_ms,key_code,event_type,key_class,is_modifier,session_id,user_id
10559.048,Space,down,alpha,false,20260308_111815,duong_thanh_mong_s1
timestamp_ms,key_code,event_type,key_class,is_modifier,session_id,user_id
10638.231899999999,Space,up,alpha,false,20260308_111815,duong_thanh_mong_s1
timestamp_ms,key_code,event_type,key_class,is_modifier,session_id,user_id
10759.478700000001,KeyG,down,alpha,false,20260308_111815,duong_thanh_mong_s1
timestamp_ms,key_code,event_type,key_class,is_modifier,session_id,user_id
10854.0333,KeyG,up,alpha,false,20260308_111815,duong_thanh_mong_s1
timestamp_ms,key_code,event_type,key_class,is_modifier,session_id,user_id
10927.1623,KeyO,down,alpha,false,20260308_111815,duong_thanh_mong_s1
timestamp_ms,key_code,event_type,key_class,is_modifier,session_id,user_id
11006.132,KeyO,up,alpha,false,20260308_111815,duong_thanh_mong_s1
timestamp_ms,key_code,event_type,key_class,is_modifier,session_id,user_id
11055.0241,KeyX,down,alpha,false,20260308_111815,duong_thanh_mong_s1
timestamp_ms,key_code,event_type,key_class,is_modifier,session_id,user_id
11142.1166,KeyX,up,alpha,false,20260308_111815,duong_thanh_mong_s1
timestamp_ms,key_code,event_type,key_class,is_modifier,session_id,user_id
11262.9035,Space,down,alpha,false,20260308_111815,duong_thanh_mong_s1
timestamp_ms,key_code,event_type,key_class,is_modifier,session_id,user_id
11302.3325,Space,up,alpha,false,20260308_111815,duong_thanh_mong_s1
timestamp_ms,key_code,event_type,key_class,is_modifier,session_id,user_id
11614.7917,KeyT,down,alpha,false,20260308_111815,duong_thanh_mong_s1
timestamp_ms,key_code,event_type,key_class,is_modifier,session_id,user_id
11670.3123,KeyT,up,alpha,false,20260308_111815,duong_thanh_mong_s1
timestamp_ms,key_code,event_type,key_class,is_modifier,session_id,user_id
11734.805400000001,KeyH,down,alpha,false,20260308_111815,duong_thanh_mong_s1
timestamp_ms,key_code,event_type,key_class,is_modifier,session_id,user_id
11782.1194,KeyH,up,alpha,false,20260308_111815,duong_thanh_mong_s1
timestamp_ms,key_code,event_type,key_class,is_modifier,session_id,user_id
12110.9703,Backspace,down,special,false,20260308_111815,duong_thanh_mong_s1
timestamp_ms,key_code,event_type,key_class,is_modifier,session_id,user_id
12158.1283,Backspace,up,special,false,20260308_111815,duong_thanh_mong_s1
timestamp_ms,key_code,event_type,key_class,is_modifier,session_id,user_id
12270.8711,Backspace,down,special,false,20260308_111815,duong_thanh_mong_s1
timestamp_ms,key_code,event_type,key_class,is_modifier,session_id,user_id
12366.1751,Backspace,up,special,false,20260308_111815,duong_thanh_mong_s1
timestamp_ms,key_code,event_type,key_class,is_modifier,session_id,user_id
12766.995400000002,KeyT,down,alpha,false,20260308_111815,duong_thanh_mong_s1
timestamp_ms,key_code,event_type,key_class,is_modifier,session_id,user_id
12805.9911,KeyT,up,alpha,false,20260308_111815,duong_thanh_mong_s1
timestamp_ms,key_code,event_type,key_class,is_modifier,session_id,user_id
12862.568,KeyH,down,alpha,false,20260308_111815,duong_thanh_mong_s1
timestamp_ms,key_code,event_type,key_class,is_modifier,session_id,user_id
12902.1115,KeyH,up,alpha,false,20260308_111815,duong_thanh_mong_s1
timestamp_ms,key_code,event_type,key_class,is_modifier,session_id,user_id
13006.8665,KeyI,down,alpha,false,20260308_111815,duong_thanh_mong_s1
timestamp_ms,key_code,event_type,key_class,is_modifier,session_id,user_id
13071.2826,KeyF,down,alpha,false,20260308_111815,duong_thanh_mong_s1
timestamp_ms,key_code,event_type,key_class,is_modifier,session_id,user_id
13102.0749,KeyI,up,alpha,false,20260308_111815,duong_thanh_mong_s1
timestamp_ms,key_code,event_type,key_class,is_modifier,session_id,user_id
13118.0368,KeyF,up,alpha,false,20260308_111815,duong_thanh_mong_s1
timestamp_ms,key_code,event_type,key_class,is_modifier,session_id,user_id
13183.1207,Space,down,alpha,false,20260308_111815,duong_thanh_mong_s1
timestamp_ms,key_code,event_type,key_class,is_modifier,session_id,user_id
13229.9528,Space,up,alpha,false,20260308_111815,duong_thanh_mong_s1
timestamp_ms,key_code,event_type,key_class,is_modifier,session_id,user_id
13303.151,KeyT,down,alpha,false,20260308_111815,duong_thanh_mong_s1
timestamp_ms,key_code,event_type,key_class,is_modifier,session_id,user_id
13342.2071,KeyT,up,alpha,false,20260308_111815,duong_thanh_mong_s1
timestamp_ms,key_code,event_type,key_class,is_modifier,session_id,user_id
13358.467700000001,KeyO,down,alpha,false,20260308_111815,duong_thanh_mong_s1
timestamp_ms,key_code,event_type,key_class,is_modifier,session_id,user_id
13414.0496,KeyO,up,alpha,false,20260308_111815,duong_thanh_mong_s1
timestamp_ms,key_code,event_type,key_class,is_modifier,session_id,user_id
13510.8564,KeyO,down,alpha,false,20260308_111815,duong_thanh_mong_s1
timestamp_ms,key_code,event_type,key_class,is_modifier,session_id,user_id
13565.940200000001,KeyO,up,alpha,false,20260308_111815,duong_thanh_mong_s1
timestamp_ms,key_code,event_type,key_class,is_modifier,session_id,user_id
13663.134,KeyI,down,alpha,false,20260308_111815,duong_thanh_mong_s1
timestamp_ms,key_code,event_type,key_class,is_modifier,session_id,user_id
13742.1125,KeyI,up,alpha,false,20260308_111815,duong_thanh_mong_s1
timestamp_ms,key_code,event_type,key_class,is_modifier,session_id,user_id
13782.9671,Space,down,alpha,false,20260308_111815,duong_thanh_mong_s1
timestamp_ms,key_code,event_type,key_class,is_modifier,session_id,user_id
13846.137,Space,up,alpha,false,20260308_111815,duong_thanh_mong_s1
timestamp_ms,key_code,event_type,key_class,is_modifier,session_id,user_id
13998.808,KeyN,down,alpha,false,20260308_111815,duong_thanh_mong_s1
timestamp_ms,key_code,event_type,key_class,is_modifier,session_id,user_id
14046.1338,KeyN,up,alpha,false,20260308_111815,duong_thanh_mong_s1
timestamp_ms,key_code,event_type,key_class,is_modifier,session_id,user_id
14150.8664,KeyH,down,alpha,false,20260308_111815,duong_thanh_mong_s1
timestamp_ms,key_code,event_type,key_class,is_modifier,session_id,user_id
14214.1567,KeyH,up,alpha,false,20260308_111815,duong_thanh_mong_s1
timestamp_ms,key_code,event_type,key_class,is_modifier,session_id,user_id
14222.9537,KeyA,down,alpha,false,20260308_111815,duong_thanh_mong_s1
timestamp_ms,key_code,event_type,key_class,is_modifier,session_id,user_id
14286.1557,KeyA,up,alpha,false,20260308_111815,duong_thanh_mong_s1
timestamp_ms,key_code,event_type,key_class,is_modifier,session_id,user_id
14382.9874,KeyA,down,alpha,false,20260308_111815,duong_thanh_mong_s1
timestamp_ms,key_code,event_type,key_class,is_modifier,session_id,user_id
14454.0074,KeyA,up,alpha,false,20260308_111815,duong_thanh_mong_s1
timestamp_ms,key_code,event_type,key_class,is_modifier,session_id,user_id
14471.1173,KeyN,down,alpha,false,20260308_111815,duong_thanh_mong_s1
timestamp_ms,key_code,event_type,key_class,is_modifier,session_id,user_id
14519.2524,KeyS,down,alpha,false,20260308_111815,duong_thanh_mong_s1
timestamp_ms,key_code,event_type,key_class,is_modifier,session_id,user_id
14525.9549,KeyS,up,alpha,false,20260308_111815,duong_thanh_mong_s1
timestamp_ms,key_code,event_type,key_class,is_modifier,session_id,user_id
14550.2503,KeyN,up,alpha,false,20260308_111815,duong_thanh_mong_s1
timestamp_ms,key_code,event_type,key_class,is_modifier,session_id,user_id
18494.5615,Space,down,alpha,false,20260308_111815,duong_thanh_mong_s1
timestamp_ms,key_code,event_type,key_class,is_modifier,session_id,user_id
18566.0104,Space,up,alpha,false,20260308_111815,duong_thanh_mong_s1
timestamp_ms,key_code,event_type,key_class,is_modifier,session_id,user_id
18710.8471,KeyP,down,alpha,false,20260308_111815,duong_thanh_mong_s1
timestamp_ms,key_code,event_type,key_class,is_modifier,session_id,user_id
18781.891600000003,KeyP,up,alpha,false,20260308_111815,duong_thanh_mong_s1
timestamp_ms,key_code,event_type,key_class,is_modifier,session_id,user_id
18950.7571,KeyH,down,alpha,false,20260308_111815,duong_thanh_mong_s1
timestamp_ms,key_code,event_type,key_class,is_modifier,session_id,user_id
19038.1939,KeyH,up,alpha,false,20260308_111815,duong_thanh_mong_s1
timestamp_ms,key_code,event_type,key_class,is_modifier,session_id,user_id
19150.6717,KeyI,down,alpha,false,20260308_111815,duong_thanh_mong_s1
timestamp_ms,key_code,event_type,key_class,is_modifier,session_id,user_id
19262.8929,KeyM,down,alpha,false,20260308_111815,duong_thanh_mong_s1
timestamp_ms,key_code,event_type,key_class,is_modifier,session_id,user_id
19301.9824,KeyI,up,alpha,false,20260308_111815,duong_thanh_mong_s1
timestamp_ms,key_code,event_type,key_class,is_modifier,session_id,user_id
19357.9703,KeyM,up,alpha,false,20260308_111815,duong_thanh_mong_s1
timestamp_ms,key_code,event_type,key_class,is_modifier,session_id,user_id
19366.4303,KeyS,down,alpha,false,20260308_111815,duong_thanh_mong_s1
timestamp_ms,key_code,event_type,key_class,is_modifier,session_id,user_id
19429.8798,KeyS,up,alpha,false,20260308_111815,duong_thanh_mong_s1
timestamp_ms,key_code,event_type,key_class,is_modifier,session_id,user_id
19494.972700000002,Space,down,alpha,false,20260308_111815,duong_thanh_mong_s1
timestamp_ms,key_code,event_type,key_class,is_modifier,session_id,user_id
19573.948399999997,Space,up,alpha,false,20260308_111815,duong_thanh_mong_s1
timestamp_ms,key_code,event_type,key_class,is_modifier,session_id,user_id
19630.9468,KeyD,down,alpha,false,20260308_111815,duong_thanh_mong_s1
timestamp_ms,key_code,event_type,key_class,is_modifier,session_id,user_id
19677.8694,KeyD,up,alpha,false,20260308_111815,duong_thanh_mong_s1
timestamp_ms,key_code,event_type,key_class,is_modifier,session_id,user_id
19750.889300000003,KeyD,down,alpha,false,20260308_111815,duong_thanh_mong_s1
timestamp_ms,key_code,event_type,key_class,is_modifier,session_id,user_id
19805.9447,KeyD,up,alpha,false,20260308_111815,duong_thanh_mong_s1
timestamp_ms,key_code,event_type,key_class,is_modifier,session_id,user_id
19910.9659,KeyE,down,alpha,false,20260308_111815,duong_thanh_mong_s1
timestamp_ms,key_code,event_type,key_class,is_modifier,session_id,user_id
20030.049300000002,KeyE,up,alpha,false,20260308_111815,duong_thanh_mong_s1
timestamp_ms,key_code,event_type,key_class,is_modifier,session_id,user_id
20078.645800000002,KeyE,down,alpha,false,20260308_111815,duong_thanh_mong_s1
timestamp_ms,key_code,event_type,key_class,is_modifier,session_id,user_id
20165.861100000002,KeyE,up,alpha,false,20260308_111815,duong_thanh_mong_s1
timestamp_ms,key_code,event_type,key_class,is_modifier,session_id,user_id
20375.5192,KeyR,down,alpha,false,20260308_111815,duong_thanh_mong_s1
timestamp_ms,key_code,event_type,key_class,is_modifier,session_id,user_id
20445.8747,KeyR,up,alpha,false,20260308_111815,duong_thanh_mong_s1
timestamp_ms,key_code,event_type,key_class,is_modifier,session_id,user_id
20502.9294,Space,down,alpha,false,20260308_111815,duong_thanh_mong_s1
timestamp_ms,key_code,event_type,key_class,is_modifier,session_id,user_id
20598.1935,Space,up,alpha,false,20260308_111815,duong_thanh_mong_s1
timestamp_ms,key_code,event_type,key_class,is_modifier,session_id,user_id
20647.6338,KeyG,down,alpha,false,20260308_111815,duong_thanh_mong_s1
timestamp_ms,key_code,event_type,key_class,is_modifier,session_id,user_id
20702.048600000002,KeyG,up,alpha,false,20260308_111815,duong_thanh_mong_s1
timestamp_ms,key_code,event_type,key_class,is_modifier,session_id,user_id
20774.733699999997,KeyO,down,alpha,false,20260308_111815,duong_thanh_mong_s1
timestamp_ms,key_code,event_type,key_class,is_modifier,session_id,user_id
20862.193300000003,KeyO,up,alpha,false,20260308_111815,duong_thanh_mong_s1
timestamp_ms,key_code,event_type,key_class,is_modifier,session_id,user_id
20942.3365,KeyX,down,alpha,false,20260308_111815,duong_thanh_mong_s1
timestamp_ms,key_code,event_type,key_class,is_modifier,session_id,user_id
21021.9169,KeyX,up,alpha,false,20260308_111815,duong_thanh_mong_s1
timestamp_ms,key_code,event_type,key_class,is_modifier,session_id,user_id
21270.941,Space,down,alpha,false,20260308_111815,duong_thanh_mong_s1
timestamp_ms,key_code,event_type,key_class,is_modifier,session_id,user_id
21350.1874,Space,up,alpha,false,20260308_111815,duong_thanh_mong_s1
timestamp_ms,key_code,event_type,key_class,is_modifier,session_id,user_id
21479.2801,ShiftRight,down,modifier,true,20260308_111815,duong_thanh_mong_s1
timestamp_ms,key_code,event_type,key_class,is_modifier,session_id,user_id
21630.8719,Minus,down,other,false,20260308_111815,duong_thanh_mong_s1
timestamp_ms,key_code,event_type,key_class,is_modifier,session_id,user_id
21710.3705,ShiftRight,up,modifier,true,20260308_111815,duong_thanh_mong_s1
timestamp_ms,key_code,event_type,key_class,is_modifier,session_id,user_id
21726.242,Minus,up,other,false,20260308_111815,duong_thanh_mong_s1
timestamp_ms,key_code,event_type,key_class,is_modifier,session_id,user_id
22231.1236,Space,down,alpha,false,20260308_111815,duong_thanh_mong_s1
timestamp_ms,key_code,event_type,key_class,is_modifier,session_id,user_id
22325.850599999998,Space,up,alpha,false,20260308_111815,duong_thanh_mong_s1
timestamp_ms,key_code,event_type,key_class,is_modifier,session_id,user_id
22678.7398,KeyH,down,alpha,false,20260308_111815,duong_thanh_mong_s1
timestamp_ms,key_code,event_type,key_class,is_modifier,session_id,user_id
22742.0235,KeyH,up,alpha,false,20260308_111815,duong_thanh_mong_s1
timestamp_ms,key_code,event_type,key_class,is_modifier,session_id,user_id
22863.4232,KeyO,down,alpha,false,20260308_111815,duong_thanh_mong_s1
timestamp_ms,key_code,event_type,key_class,is_modifier,session_id,user_id
22949.8511,KeyO,up,alpha,false,20260308_111815,duong_thanh_mong_s1
timestamp_ms,key_code,event_type,key_class,is_modifier,session_id,user_id
23006.921,KeyA,down,alpha,false,20260308_111815,duong_thanh_mong_s1
timestamp_ms,key_code,event_type,key_class,is_modifier,session_id,user_id
23110.3949,KeyA,up,alpha,false,20260308_111815,duong_thanh_mong_s1
timestamp_ms,key_code,event_type,key_class,is_modifier,session_id,user_id
23166.9581,KeyC,down,alpha,false,20260308_111815,duong_thanh_mong_s1
timestamp_ms,key_code,event_type,key_class,is_modifier,session_id,user_id
23279.3372,KeyW,down,alpha,false,20260308_111815,duong_thanh_mong_s1
timestamp_ms,key_code,event_type,key_class,is_modifier,session_id,user_id
23286.193600000002,KeyC,up,alpha,false,20260308_111815,duong_thanh_mong_s1
timestamp_ms,key_code,event_type,key_class,is_modifier,session_id,user_id
23304.1081,KeyJ,down,alpha,false,20260308_111815,duong_thanh_mong_s1
timestamp_ms,key_code,event_type,key_class,is_modifier,session_id,user_id
23389.8801,KeyW,up,alpha,false,20260308_111815,duong_thanh_mong_s1
timestamp_ms,key_code,event_type,key_class,is_modifier,session_id,user_id
23390.688000000002,KeyJ,up,alpha,false,20260308_111815,duong_thanh_mong_s1
timestamp_ms,key_code,event_type,key_class,is_modifier,session_id,user_id
23463.090399999997,Space,down,alpha,false,20260308_111815,duong_thanh_mong_s1
timestamp_ms,key_code,event_type,key_class,is_modifier,session_id,user_id
23542.295,Space,up,alpha,false,20260308_111815,duong_thanh_mong_s1
timestamp_ms,key_code,event_type,key_class,is_modifier,session_id,user_id
24279.704599999997,KeyD,down,alpha,false,20260308_111815,duong_thanh_mong_s1
timestamp_ms,key_code,event_type,key_class,is_modifier,session_id,user_id
24341.9957,KeyD,up,alpha,false,20260308_111815,duong_thanh_mong_s1
timestamp_ms,key_code,event_type,key_class,is_modifier,session_id,user_id
24447.0252,KeyA,down,alpha,false,20260308_111815,duong_thanh_mong_s1
timestamp_ms,key_code,event_type,key_class,is_modifier,session_id,user_id
24517.8763,KeyA,up,alpha,false,20260308_111815,duong_thanh_mong_s1
timestamp_ms,key_code,event_type,key_class,is_modifier,session_id,user_id
24614.610200000003,KeyA,down,alpha,false,20260308_111815,duong_thanh_mong_s1
timestamp_ms,key_code,event_type,key_class,is_modifier,session_id,user_id
24733.8223,KeyA,up,alpha,false,20260308_111815,duong_thanh_mong_s1
timestamp_ms,key_code,event_type,key_class,is_modifier,session_id,user_id
24750.9719,KeyU,down,alpha,false,20260308_111815,duong_thanh_mong_s1
timestamp_ms,key_code,event_type,key_class,is_modifier,session_id,user_id
24758.8574,KeyS,down,alpha,false,20260308_111815,duong_thanh_mong_s1
timestamp_ms,key_code,event_type,key_class,is_modifier,session_id,user_id
24837.9836,KeyU,up,alpha,false,20260308_111815,duong_thanh_mong_s1
timestamp_ms,key_code,event_type,key_class,is_modifier,session_id,user_id
24845.8786,KeyS,up,alpha,false,20260308_111815,duong_thanh_mong_s1
timestamp_ms,key_code,event_type,key_class,is_modifier,session_id,user_id
24919.607500000002,Space,down,alpha,false,20260308_111815,duong_thanh_mong_s1
timestamp_ms,key_code,event_type,key_class,is_modifier,session_id,user_id
24990.322,Space,up,alpha,false,20260308_111815,duong_thanh_mong_s1
timestamp_ms,key_code,event_type,key_class,is_modifier,session_id,user_id
24999.7564,KeyC,down,alpha,false,20260308_111815,duong_thanh_mong_s1
timestamp_ms,key_code,event_type,key_class,is_modifier,session_id,user_id
25062.094399999998,KeyC,up,alpha,false,20260308_111815,duong_thanh_mong_s1
timestamp_ms,key_code,event_type,key_class,is_modifier,session_id,user_id
25111.6521,KeyA,down,alpha,false,20260308_111815,duong_thanh_mong_s1
timestamp_ms,key_code,event_type,key_class,is_modifier,session_id,user_id
25255.0195,KeyC,down,alpha,false,20260308_111815,duong_thanh_mong_s1
timestamp_ms,key_code,event_type,key_class,is_modifier,session_id,user_id
25271.0984,KeyS,down,alpha,false,20260308_111815,duong_thanh_mong_s1
timestamp_ms,key_code,event_type,key_class,is_modifier,session_id,user_id
25277.9293,KeyA,up,alpha,false,20260308_111815,duong_thanh_mong_s1
timestamp_ms,key_code,event_type,key_class,is_modifier,session_id,user_id
25342.2554,KeyC,up,alpha,false,20260308_111815,duong_thanh_mong_s1
timestamp_ms,key_code,event_type,key_class,is_modifier,session_id,user_id
25390.245,KeyS,up,alpha,false,20260308_111815,duong_thanh_mong_s1
timestamp_ms,key_code,event_type,key_class,is_modifier,session_id,user_id
25424.0646,KeyH,down,alpha,false,20260308_111815,duong_thanh_mong_s1
timestamp_ms,key_code,event_type,key_class,is_modifier,session_id,user_id
25501.9068,KeyH,up,alpha,false,20260308_111815,duong_thanh_mong_s1
timestamp_ms,key_code,event_type,key_class,is_modifier,session_id,user_id
25575.247199999998,Space,down,alpha,false,20260308_111815,duong_thanh_mong_s1
timestamp_ms,key_code,event_type,key_class,is_modifier,session_id,user_id
25646.0633,Space,up,alpha,false,20260308_111815,duong_thanh_mong_s1
timestamp_ms,key_code,event_type,key_class,is_modifier,session_id,user_id
25831.7732,KeyT,down,alpha,false,20260308_111815,duong_thanh_mong_s1
timestamp_ms,key_code,event_type,key_class,is_modifier,session_id,user_id
25886.0472,KeyT,up,alpha,false,20260308_111815,duong_thanh_mong_s1
timestamp_ms,key_code,event_type,key_class,is_modifier,session_id,user_id
25920.3951,KeyH,down,alpha,false,20260308_111815,duong_thanh_mong_s1
timestamp_ms,key_code,event_type,key_class,is_modifier,session_id,user_id
25973.994300000002,KeyH,up,alpha,false,20260308_111815,duong_thanh_mong_s1
timestamp_ms,key_code,event_type,key_class,is_modifier,session_id,user_id
26086.5111,KeyI,down,alpha,false,20260308_111815,duong_thanh_mong_s1
timestamp_ms,key_code,event_type,key_class,is_modifier,session_id,user_id
26134.562599999997,KeyF,down,alpha,false,20260308_111815,duong_thanh_mong_s1
timestamp_ms,key_code,event_type,key_class,is_modifier,session_id,user_id
26174.1888,KeyI,up,alpha,false,20260308_111815,duong_thanh_mong_s1
timestamp_ms,key_code,event_type,key_class,is_modifier,session_id,user_id
26181.9081,KeyF,up,alpha,false,20260308_111815,duong_thanh_mong_s1
timestamp_ms,key_code,event_type,key_class,is_modifier,session_id,user_id
26230.652,Space,down,alpha,false,20260308_111815,duong_thanh_mong_s1
timestamp_ms,key_code,event_type,key_class,is_modifier,session_id,user_id
26286.0743,Space,up,alpha,false,20260308_111815,duong_thanh_mong_s1
timestamp_ms,key_code,event_type,key_class,is_modifier,session_id,user_id
26800.2967,KeyN,down,alpha,false,20260308_111815,duong_thanh_mong_s1
timestamp_ms,key_code,event_type,key_class,is_modifier,session_id,user_id
26878.1028,KeyN,up,alpha,false,20260308_111815,duong_thanh_mong_s1
timestamp_ms,key_code,event_type,key_class,is_modifier,session_id,user_id
27000.1931,KeyO,down,alpha,false,20260308_111815,duong_thanh_mong_s1
timestamp_ms,key_code,event_type,key_class,is_modifier,session_id,user_id
27070.434299999997,KeyS,down,alpha,false,20260308_111815,duong_thanh_mong_s1
timestamp_ms,key_code,event_type,key_class,is_modifier,session_id,user_id
27085.8766,KeyO,up,alpha,false,20260308_111815,duong_thanh_mong_s1
timestamp_ms,key_code,event_type,key_class,is_modifier,session_id,user_id
27118.4906,KeyS,up,alpha,false,20260308_111815,duong_thanh_mong_s1
timestamp_ms,key_code,event_type,key_class,is_modifier,session_id,user_id
27151.266,Space,down,alpha,false,20260308_111815,duong_thanh_mong_s1
timestamp_ms,key_code,event_type,key_class,is_modifier,session_id,user_id
27205.978900000002,Space,up,alpha,false,20260308_111815,duong_thanh_mong_s1
timestamp_ms,key_code,event_type,key_class,is_modifier,session_id,user_id
27286.9068,KeyT,down,alpha,false,20260308_111815,duong_thanh_mong_s1
timestamp_ms,key_code,event_type,key_class,is_modifier,session_id,user_id
27341.9787,KeyT,up,alpha,false,20260308_111815,duong_thanh_mong_s1
timestamp_ms,key_code,event_type,key_class,is_modifier,session_id,user_id
27366.9189,KeyU,down,alpha,false,20260308_111815,duong_thanh_mong_s1
timestamp_ms,key_code,event_type,key_class,is_modifier,session_id,user_id
27430.0587,KeyU,up,alpha,false,20260308_111815,duong_thanh_mong_s1
timestamp_ms,key_code,event_type,key_class,is_modifier,session_id,user_id
27543.0374,KeyJ,down,alpha,false,20260308_111815,duong_thanh_mong_s1
timestamp_ms,key_code,event_type,key_class,is_modifier,session_id,user_id
27550.516000000003,KeyW,down,alpha,false,20260308_111815,duong_thanh_mong_s1
timestamp_ms,key_code,event_type,key_class,is_modifier,session_id,user_id
27622.0253,KeyW,up,alpha,false,20260308_111815,duong_thanh_mong_s1
timestamp_ms,key_code,event_type,key_class,is_modifier,session_id,user_id
27629.9381,KeyJ,up,alpha,false,20260308_111815,duong_thanh_mong_s1
timestamp_ms,key_code,event_type,key_class,is_modifier,session_id,user_id
27720.0143,Space,down,alpha,false,20260308_111815,duong_thanh_mong_s1
timestamp_ms,key_code,event_type,key_class,is_modifier,session_id,user_id
27765.814599999998,Space,up,alpha,false,20260308_111815,duong_thanh_mong_s1
timestamp_ms,key_code,event_type,key_class,is_modifier,session_id,user_id
27799.1678,KeyD,down,alpha,false,20260308_111815,duong_thanh_mong_s1
timestamp_ms,key_code,event_type,key_class,is_modifier,session_id,user_id
27862.1617,KeyD,up,alpha,false,20260308_111815,duong_thanh_mong_s1
timestamp_ms,key_code,event_type,key_class,is_modifier,session_id,user_id
27910.5025,KeyO,down,alpha,false,20260308_111815,duong_thanh_mong_s1
timestamp_ms,key_code,event_type,key_class,is_modifier,session_id,user_id
27942.6859,KeyD,down,alpha,false,20260308_111815,duong_thanh_mong_s1
timestamp_ms,key_code,event_type,key_class,is_modifier,session_id,user_id
27982.0785,KeyO,up,alpha,false,20260308_111815,duong_thanh_mong_s1
timestamp_ms,key_code,event_type,key_class,is_modifier,session_id,user_id
28022.150400000002,KeyD,up,alpha,false,20260308_111815,duong_thanh_mong_s1
timestamp_ms,key_code,event_type,key_class,is_modifier,session_id,user_id
28062.7048,KeyO,down,alpha,false,20260308_111815,duong_thanh_mong_s1
timestamp_ms,key_code,event_type,key_class,is_modifier,session_id,user_id
28086.732,KeyN,down,alpha,false,20260308_111815,duong_thanh_mong_s1
timestamp_ms,key_code,event_type,key_class,is_modifier,session_id,user_id
28109.8794,KeyO,up,alpha,false,20260308_111815,duong_thanh_mong_s1
timestamp_ms,key_code,event_type,key_class,is_modifier,session_id,user_id
28174.0396,KeyN,up,alpha,false,20260308_111815,duong_thanh_mong_s1
timestamp_ms,key_code,event_type,key_class,is_modifier,session_id,user_id
28223.041299999997,KeyG,down,alpha,false,20260308_111815,duong_thanh_mong_s1
timestamp_ms,key_code,event_type,key_class,is_modifier,session_id,user_id
28286.1133,KeyG,up,alpha,false,20260308_111815,duong_thanh_mong_s1
timestamp_ms,key_code,event_type,key_class,is_modifier,session_id,user_id
28407.3594,KeyJ,down,alpha,false,20260308_111815,duong_thanh_mong_s1
timestamp_ms,key_code,event_type,key_class,is_modifier,session_id,user_id
28517.8485,KeyJ,up,alpha,false,20260308_111815,duong_thanh_mong_s1
timestamp_ms,key_code,event_type,key_class,is_modifier,session_id,user_id
28575.0715,Space,down,alpha,false,20260308_111815,duong_thanh_mong_s1
timestamp_ms,key_code,event_type,key_class,is_modifier,session_id,user_id
28678.1144,Space,up,alpha,false,20260308_111815,duong_thanh_mong_s1
timestamp_ms,key_code,event_type,key_class,is_modifier,session_id,user_id
28718.6174,Alt,down,modifier,true,20260308_111815,duong_thanh_mong_s1
timestamp_ms,key_code,event_type,key_class,is_modifier,session_id,user_id
28774.659499999998,Tab,down,special,false,20260308_111815,duong_thanh_mong_s1
timestamp_ms,key_code,event_type,key_class,is_modifier,session_id,user_id
28829.8591,Alt,up,modifier,true,20260308_111815,duong_thanh_mong_s1
timestamp_ms,key_code,event_type,key_class,is_modifier,session_id,user_id
28878.111,Tab,up,special,false,20260308_111815,duong_thanh_mong_s1
timestamp_ms,key_code,event_type,key_class,is_modifier,session_id,user_id
35150.6623,ShiftLeft,down,modifier,true,20260308_111815,duong_thanh_mong_s1
timestamp_ms,key_code,event_type,key_class,is_modifier,session_id,user_id
35294.511900000005,MetaLeft,down,modifier,true,20260308_111815,duong_thanh_mong_s1
timestamp_ms,key_code,event_type,key_class,is_modifier,session_id,user_id
35438.6846,KeyS,down,alpha,false,20260308_111815,duong_thanh_mong_s1
timestamp_ms,key_code,event_type,key_class,is_modifier,session_id,user_id
35525.8623,MetaLeft,up,modifier,true,20260308_111815,duong_thanh_mong_s1
timestamp_ms,key_code,event_type,key_class,is_modifier,session_id,user_id
35550.1515,ShiftLeft,up,modifier,true,20260308_111815,duong_thanh_mong_s1
timestamp_ms,key_code,event_type,key_class,is_modifier,session_id,user_id
35552.039,KeyS,up,alpha,false,20260308_111815,duong_thanh_mong_s1
timestamp_ms,key_code,event_type,key_class,is_modifier,session_id,user_id
40494.8188,ControlLeft,down,modifier,true,20260308_111815,duong_thanh_mong_s1
timestamp_ms,key_code,event_type,key_class,is_modifier,session_id,user_id
40671.4757,KeyV,down,alpha,false,20260308_111815,duong_thanh_mong_s1
timestamp_ms,key_code,event_type,key_class,is_modifier,session_id,user_id
40733.96309999999,KeyV,up,alpha,false,20260308_111815,duong_thanh_mong_s1
timestamp_ms,key_code,event_type,key_class,is_modifier,session_id,user_id
40742.0051,ControlLeft,up,modifier,true,20260308_111815,duong_thanh_mong_s1
timestamp_ms,key_code,event_type,key_class,is_modifier,session_id,user_id
41455.0493,KeyC,down,alpha,false,20260308_111815,duong_thanh_mong_s1
timestamp_ms,key_code,event_type,key_class,is_modifier,session_id,user_id
41518.0453,KeyC,up,alpha,false,20260308_111815,duong_thanh_mong_s1
timestamp_ms,key_code,event_type,key_class,is_modifier,session_id,user_id
41630.8526,KeyH,down,alpha,false,20260308_111815,duong_thanh_mong_s1
timestamp_ms,key_code,event_type,key_class,is_modifier,session_id,user_id
41702.091799999995,KeyH,up,alpha,false,20260308_111815,duong_thanh_mong_s1
timestamp_ms,key_code,event_type,key_class,is_modifier,session_id,user_id
41790.9953,KeyU,down,alpha,false,20260308_111815,duong_thanh_mong_s1
timestamp_ms,key_code,event_type,key_class,is_modifier,session_id,user_id
41846.1256,KeyU,up,alpha,false,20260308_111815,duong_thanh_mong_s1
timestamp_ms,key_code,event_type,key_class,is_modifier,session_id,user_id
41951.0445,KeyY,down,alpha,false,20260308_111815,duong_thanh_mong_s1
timestamp_ms,key_code,event_type,key_class,is_modifier,session_id,user_id
41983.1109,KeyE,down,alpha,false,20260308_111815,duong_thanh_mong_s1
timestamp_ms,key_code,event_type,key_class,is_modifier,session_id,user_id
42013.9924,KeyY,up,alpha,false,20260308_111815,duong_thanh_mong_s1
timestamp_ms,key_code,event_type,key_class,is_modifier,session_id,user_id
42022.1473,KeyE,up,alpha,false,20260308_111815,duong_thanh_mong_s1
timestamp_ms,key_code,event_type,key_class,is_modifier,session_id,user_id
42103.0167,KeyE,down,alpha,false,20260308_111815,duong_thanh_mong_s1
timestamp_ms,key_code,event_type,key_class,is_modifier,session_id,user_id
42174.183300000004,KeyE,up,alpha,false,20260308_111815,duong_thanh_mong_s1
timestamp_ms,key_code,event_type,key_class,is_modifier,session_id,user_id
42199.4694,KeyN,down,alpha,false,20260308_111815,duong_thanh_mong_s1
timestamp_ms,key_code,event_type,key_class,is_modifier,session_id,user_id
42278.079900000004,KeyN,up,alpha,false,20260308_111815,duong_thanh_mong_s1
timestamp_ms,key_code,event_type,key_class,is_modifier,session_id,user_id
42303.718199999996,KeyR,down,alpha,false,20260308_111815,duong_thanh_mong_s1
timestamp_ms,key_code,event_type,key_class,is_modifier,session_id,user_id
42374.1387,KeyR,up,alpha,false,20260308_111815,duong_thanh_mong_s1
timestamp_ms,key_code,event_type,key_class,is_modifier,session_id,user_id
42439.1172,Space,down,alpha,false,20260308_111815,duong_thanh_mong_s1
timestamp_ms,key_code,event_type,key_class,is_modifier,session_id,user_id
42502.1008,Space,up,alpha,false,20260308_111815,duong_thanh_mong_s1
timestamp_ms,key_code,event_type,key_class,is_modifier,session_id,user_id
42550.978200000005,KeyS,down,alpha,false,20260308_111815,duong_thanh_mong_s1
timestamp_ms,key_code,event_type,key_class,is_modifier,session_id,user_id
42686.080799999996,KeyS,up,alpha,false,20260308_111815,duong_thanh_mong_s1
timestamp_ms,key_code,event_type,key_class,is_modifier,session_id,user_id
42688.8541,KeyA,down,alpha,false,20260308_111815,duong_thanh_mong_s1
timestamp_ms,key_code,event_type,key_class,is_modifier,session_id,user_id
42734.8548,KeyN,down,alpha,false,20260308_111815,duong_thanh_mong_s1
timestamp_ms,key_code,event_type,key_class,is_modifier,session_id,user_id
42790.101800000004,KeyA,up,alpha,false,20260308_111815,duong_thanh_mong_s1
timestamp_ms,key_code,event_type,key_class,is_modifier,session_id,user_id
42798.14,KeyN,up,alpha,false,20260308_111815,duong_thanh_mong_s1
timestamp_ms,key_code,event_type,key_class,is_modifier,session_id,user_id
42927.121999999996,KeyG,down,alpha,false,20260308_111815,duong_thanh_mong_s1
timestamp_ms,key_code,event_type,key_class,is_modifier,session_id,user_id
42990.228899999995,KeyG,up,alpha,false,20260308_111815,duong_thanh_mong_s1
timestamp_ms,key_code,event_type,key_class,is_modifier,session_id,user_id
42993.7808,Space,down,alpha,false,20260308_111815,duong_thanh_mong_s1
timestamp_ms,key_code,event_type,key_class,is_modifier,session_id,user_id
43070.186200000004,Space,up,alpha,false,20260308_111815,duong_thanh_mong_s1
timestamp_ms,key_code,event_type,key_class,is_modifier,session_id,user_id
43334.913,KeyG,down,alpha,false,20260308_111815,duong_thanh_mong_s1
timestamp_ms,key_code,event_type,key_class,is_modifier,session_id,user_id
43422.366799999996,KeyG,up,alpha,false,20260308_111815,duong_thanh_mong_s1
timestamp_ms,key_code,event_type,key_class,is_modifier,session_id,user_id
43614.827,KeyI,down,alpha,false,20260308_111815,duong_thanh_mong_s1
timestamp_ms,key_code,event_type,key_class,is_modifier,session_id,user_id
43686.0378,KeyI,up,alpha,false,20260308_111815,duong_thanh_mong_s1
timestamp_ms,key_code,event_type,key_class,is_modifier,session_id,user_id
43726.579,KeyA,down,alpha,false,20260308_111815,duong_thanh_mong_s1
timestamp_ms,key_code,event_type,key_class,is_modifier,session_id,user_id
43822.2483,KeyA,up,alpha,false,20260308_111815,duong_thanh_mong_s1
timestamp_ms,key_code,event_type,key_class,is_modifier,session_id,user_id
43830.998700000004,KeyO,down,alpha,false,20260308_111815,duong_thanh_mong_s1
timestamp_ms,key_code,event_type,key_class,is_modifier,session_id,user_id
43910.105899999995,KeyO,up,alpha,false,20260308_111815,duong_thanh_mong_s1
timestamp_ms,key_code,event_type,key_class,is_modifier,session_id,user_id
43926.9424,Space,down,alpha,false,20260308_111815,duong_thanh_mong_s1
timestamp_ms,key_code,event_type,key_class,is_modifier,session_id,user_id
43997.948000000004,Space,up,alpha,false,20260308_111815,duong_thanh_mong_s1
timestamp_ms,key_code,event_type,key_class,is_modifier,session_id,user_id
44006.924499999994,KeyD,down,alpha,false,20260308_111815,duong_thanh_mong_s1
timestamp_ms,key_code,event_type,key_class,is_modifier,session_id,user_id
44070.0975,KeyD,up,alpha,false,20260308_111815,duong_thanh_mong_s1
timestamp_ms,key_code,event_type,key_class,is_modifier,session_id,user_id
44110.564699999995,KeyI,down,alpha,false,20260308_111815,duong_thanh_mong_s1
timestamp_ms,key_code,event_type,key_class,is_modifier,session_id,user_id
44190.2704,KeyI,up,alpha,false,20260308_111815,duong_thanh_mong_s1
timestamp_ms,key_code,event_type,key_class,is_modifier,session_id,user_id
44214.3596,KeyE,down,alpha,false,20260308_111815,duong_thanh_mong_s1
timestamp_ms,key_code,event_type,key_class,is_modifier,session_id,user_id
44269.9963,KeyE,up,alpha,false,20260308_111815,duong_thanh_mong_s1
timestamp_ms,key_code,event_type,key_class,is_modifier,session_id,user_id
44358.5907,KeyE,down,alpha,false,20260308_111815,duong_thanh_mong_s1
timestamp_ms,key_code,event_type,key_class,is_modifier,session_id,user_id
44374.8953,KeyN,down,alpha,false,20260308_111815,duong_thanh_mong_s1
timestamp_ms,key_code,event_type,key_class,is_modifier,session_id,user_id
44453.9386,KeyN,up,alpha,false,20260308_111815,duong_thanh_mong_s1
timestamp_ms,key_code,event_type,key_class,is_modifier,session_id,user_id
44462.204300000005,KeyE,up,alpha,false,20260308_111815,duong_thanh_mong_s1
timestamp_ms,key_code,event_type,key_class,is_modifier,session_id,user_id
44551.109,KeyJ,down,alpha,false,20260308_111815,duong_thanh_mong_s1
timestamp_ms,key_code,event_type,key_class,is_modifier,session_id,user_id
44630.136,KeyJ,up,alpha,false,20260308_111815,duong_thanh_mong_s1
timestamp_ms,key_code,event_type,key_class,is_modifier,session_id,user_id
44646.901,Space,down,alpha,false,20260308_111815,duong_thanh_mong_s1
timestamp_ms,key_code,event_type,key_class,is_modifier,session_id,user_id
44694.2232,Space,up,alpha,false,20260308_111815,duong_thanh_mong_s1
timestamp_ms,key_code,event_type,key_class,is_modifier,session_id,user_id
44830.816900000005,KeyB,down,alpha,false,20260308_111815,duong_thanh_mong_s1
timestamp_ms,key_code,event_type,key_class,is_modifier,session_id,user_id
44886.992999999995,KeyA,down,alpha,false,20260308_111815,duong_thanh_mong_s1
timestamp_ms,key_code,event_type,key_class,is_modifier,session_id,user_id
44894.1584,KeyB,up,alpha,false,20260308_111815,duong_thanh_mong_s1
timestamp_ms,key_code,event_type,key_class,is_modifier,session_id,user_id
44966.1553,KeyA,up,alpha,false,20260308_111815,duong_thanh_mong_s1
timestamp_ms,key_code,event_type,key_class,is_modifier,session_id,user_id
44999.0211,KeyN,down,alpha,false,20260308_111815,duong_thanh_mong_s1
timestamp_ms,key_code,event_type,key_class,is_modifier,session_id,user_id
45062.0969,KeyN,up,alpha,false,20260308_111815,duong_thanh_mong_s1
timestamp_ms,key_code,event_type,key_class,is_modifier,session_id,user_id
45166.868,KeyJ,down,alpha,false,20260308_111815,duong_thanh_mong_s1
timestamp_ms,key_code,event_type,key_class,is_modifier,session_id,user_id
45254.0292,KeyJ,up,alpha,false,20260308_111815,duong_thanh_mong_s1
timestamp_ms,key_code,event_type,key_class,is_modifier,session_id,user_id
45287.1124,Space,down,alpha,false,20260308_111815,duong_thanh_mong_s1
timestamp_ms,key_code,event_type,key_class,is_modifier,session_id,user_id
45326.1638,Space,up,alpha,false,20260308_111815,duong_thanh_mong_s1
timestamp_ms,key_code,event_type,key_class,is_modifier,session_id,user_id
45343.1199,KeyD,down,alpha,false,20260308_111815,duong_thanh_mong_s1
timestamp_ms,key_code,event_type,key_class,is_modifier,session_id,user_id
45390.2681,KeyD,up,alpha,false,20260308_111815,duong_thanh_mong_s1
timestamp_ms,key_code,event_type,key_class,is_modifier,session_id,user_id
45502.9487,KeyD,down,alpha,false,20260308_111815,duong_thanh_mong_s1
timestamp_ms,key_code,event_type,key_class,is_modifier,session_id,user_id
45566.1947,KeyD,up,alpha,false,20260308_111815,duong_thanh_mong_s1
timestamp_ms,key_code,event_type,key_class,is_modifier,session_id,user_id
45599.2862,KeyA,down,alpha,false,20260308_111815,duong_thanh_mong_s1
timestamp_ms,key_code,event_type,key_class,is_modifier,session_id,user_id
45695.2092,KeyN,down,alpha,false,20260308_111815,duong_thanh_mong_s1
timestamp_ms,key_code,event_type,key_class,is_modifier,session_id,user_id
45718.1864,KeyA,up,alpha,false,20260308_111815,duong_thanh_mong_s1
timestamp_ms,key_code,event_type,key_class,is_modifier,session_id,user_id
45766.0858,KeyN,up,alpha,false,20260308_111815,duong_thanh_mong_s1
timestamp_ms,key_code,event_type,key_class,is_modifier,session_id,user_id
45935.0447,KeyG,down,alpha,false,20260308_111815,duong_thanh_mong_s1
timestamp_ms,key_code,event_type,key_class,is_modifier,session_id,user_id
46022.1502,KeyG,up,alpha,false,20260308_111815,duong_thanh_mong_s1
timestamp_ms,key_code,event_type,key_class,is_modifier,session_id,user_id
46054.8969,Space,down,alpha,false,20260308_111815,duong_thanh_mong_s1
timestamp_ms,key_code,event_type,key_class,is_modifier,session_id,user_id
46134.1497,Space,up,alpha,false,20260308_111815,duong_thanh_mong_s1
timestamp_ms,key_code,event_type,key_class,is_modifier,session_id,user_id
46310.90059999999,KeyT,down,alpha,false,20260308_111815,duong_thanh_mong_s1
timestamp_ms,key_code,event_type,key_class,is_modifier,session_id,user_id
46374.169799999996,KeyT,up,alpha,false,20260308_111815,duong_thanh_mong_s1
timestamp_ms,key_code,event_type,key_class,is_modifier,session_id,user_id
46423.0287,KeyH,down,alpha,false,20260308_111815,duong_thanh_mong_s1
timestamp_ms,key_code,event_type,key_class,is_modifier,session_id,user_id
46478.0752,KeyH,up,alpha,false,20260308_111815,duong_thanh_mong_s1
timestamp_ms,key_code,event_type,key_class,is_modifier,session_id,user_id
46534.919799999996,KeyA,down,alpha,false,20260308_111815,duong_thanh_mong_s1
timestamp_ms,key_code,event_type,key_class,is_modifier,session_id,user_id
46582.1443,KeyA,up,alpha,false,20260308_111815,duong_thanh_mong_s1
timestamp_ms,key_code,event_type,key_class,is_modifier,session_id,user_id
46694.9173,KeyA,down,alpha,false,20260308_111815,duong_thanh_mong_s1
timestamp_ms,key_code,event_type,key_class,is_modifier,session_id,user_id
46774.1231,KeyA,up,alpha,false,20260308_111815,duong_thanh_mong_s1
timestamp_ms,key_code,event_type,key_class,is_modifier,session_id,user_id
46830.9123,KeyY,down,alpha,false,20260308_111815,duong_thanh_mong_s1
timestamp_ms,key_code,event_type,key_class,is_modifier,session_id,user_id
46846.6621,KeyS,down,alpha,false,20260308_111815,duong_thanh_mong_s1
timestamp_ms,key_code,event_type,key_class,is_modifier,session_id,user_id
46910.140699999996,KeyY,up,alpha,false,20260308_111815,duong_thanh_mong_s1
timestamp_ms,key_code,event_type,key_class,is_modifier,session_id,user_id
46934.106,KeyS,up,alpha,false,20260308_111815,duong_thanh_mong_s1
timestamp_ms,key_code,event_type,key_class,is_modifier,session_id,user_id
47006.6099,Space,down,alpha,false,20260308_111815,duong_thanh_mong_s1
timestamp_ms,key_code,event_type,key_class,is_modifier,session_id,user_id
47085.9907,Space,up,alpha,false,20260308_111815,duong_thanh_mong_s1
timestamp_ms,key_code,event_type,key_class,is_modifier,session_id,user_id
47598.8408,KeyV,down,alpha,false,20260308_111815,duong_thanh_mong_s1
timestamp_ms,key_code,event_type,key_class,is_modifier,session_id,user_id
47654.5063,KeyV,up,alpha,false,20260308_111815,duong_thanh_mong_s1
timestamp_ms,key_code,event_type,key_class,is_modifier,session_id,user_id
47991.0008,Backspace,down,special,false,20260308_111815,duong_thanh_mong_s1
timestamp_ms,key_code,event_type,key_class,is_modifier,session_id,user_id
48062.154,Backspace,up,special,false,20260308_111815,duong_thanh_mong_s1
timestamp_ms,key_code,event_type,key_class,is_modifier,session_id,user_id
48366.935,KeyK,down,alpha,false,20260308_111815,duong_thanh_mong_s1
timestamp_ms,key_code,event_type,key_class,is_modifier,session_id,user_id
48430.1456,KeyK,up,alpha,false,20260308_111815,duong_thanh_mong_s1
timestamp_ms,key_code,event_type,key_class,is_modifier,session_id,user_id
48455.5688,KeyH,down,alpha,false,20260308_111815,duong_thanh_mong_s1
timestamp_ms,key_code,event_type,key_class,is_modifier,session_id,user_id
48542.120500000005,KeyH,up,alpha,false,20260308_111815,duong_thanh_mong_s1
timestamp_ms,key_code,event_type,key_class,is_modifier,session_id,user_id
48567.053100000005,KeyO,down,alpha,false,20260308_111815,duong_thanh_mong_s1
timestamp_ms,key_code,event_type,key_class,is_modifier,session_id,user_id
48622.1222,KeyO,up,alpha,false,20260308_111815,duong_thanh_mong_s1
timestamp_ms,key_code,event_type,key_class,is_modifier,session_id,user_id
48719.1774,KeyO,down,alpha,false,20260308_111815,duong_thanh_mong_s1
timestamp_ms,key_code,event_type,key_class,is_modifier,session_id,user_id
48759.084299999995,KeyN,down,alpha,false,20260308_111815,duong_thanh_mong_s1
timestamp_ms,key_code,event_type,key_class,is_modifier,session_id,user_id
48774.5296,KeyO,up,alpha,false,20260308_111815,duong_thanh_mong_s1
timestamp_ms,key_code,event_type,key_class,is_modifier,session_id,user_id
48830.1315,KeyN,up,alpha,false,20260308_111815,duong_thanh_mong_s1
timestamp_ms,key_code,event_type,key_class,is_modifier,session_id,user_id
48833.691199999994,KeyG,down,alpha,false,20260308_111815,duong_thanh_mong_s1
timestamp_ms,key_code,event_type,key_class,is_modifier,session_id,user_id
48870.4801,KeyG,up,alpha,false,20260308_111815,duong_thanh_mong_s1
timestamp_ms,key_code,event_type,key_class,is_modifier,session_id,user_id
48958.896799999995,Space,down,alpha,false,20260308_111815,duong_thanh_mong_s1
timestamp_ms,key_code,event_type,key_class,is_modifier,session_id,user_id
49030.063,Space,up,alpha,false,20260308_111815,duong_thanh_mong_s1
timestamp_ms,key_code,event_type,key_class,is_modifier,session_id,user_id
49118.8869,KeyC,down,alpha,false,20260308_111815,duong_thanh_mong_s1
timestamp_ms,key_code,event_type,key_class,is_modifier,session_id,user_id
49157.9737,KeyC,up,alpha,false,20260308_111815,duong_thanh_mong_s1
timestamp_ms,key_code,event_type,key_class,is_modifier,session_id,user_id
49206.4697,KeyH,down,alpha,false,20260308_111815,duong_thanh_mong_s1
timestamp_ms,key_code,event_type,key_class,is_modifier,session_id,user_id
49270.3156,KeyH,up,alpha,false,20260308_111815,duong_thanh_mong_s1
timestamp_ms,key_code,event_type,key_class,is_modifier,session_id,user_id
49399.1606,KeyO,down,alpha,false,20260308_111815,duong_thanh_mong_s1
timestamp_ms,key_code,event_type,key_class,is_modifier,session_id,user_id
49487.2261,Space,down,alpha,false,20260308_111815,duong_thanh_mong_s1
timestamp_ms,key_code,event_type,key_class,is_modifier,session_id,user_id
49502.0355,KeyO,up,alpha,false,20260308_111815,duong_thanh_mong_s1
timestamp_ms,key_code,event_type,key_class,is_modifier,session_id,user_id
49574.1875,Space,up,alpha,false,20260308_111815,duong_thanh_mong_s1
timestamp_ms,key_code,event_type,key_class,is_modifier,session_id,user_id
49710.6489,KeyG,down,alpha,false,20260308_111815,duong_thanh_mong_s1
timestamp_ms,key_code,event_type,key_class,is_modifier,session_id,user_id
49782.2343,KeyG,up,alpha,false,20260308_111815,duong_thanh_mong_s1
timestamp_ms,key_code,event_type,key_class,is_modifier,session_id,user_id
49823.2327,KeyO,down,alpha,false,20260308_111815,duong_thanh_mong_s1
timestamp_ms,key_code,event_type,key_class,is_modifier,session_id,user_id
49894.2242,KeyO,up,alpha,false,20260308_111815,duong_thanh_mong_s1
timestamp_ms,key_code,event_type,key_class,is_modifier,session_id,user_id
49966.7639,KeyX,down,alpha,false,20260308_111815,duong_thanh_mong_s1
timestamp_ms,key_code,event_type,key_class,is_modifier,session_id,user_id
50030.0743,KeyX,up,alpha,false,20260308_111815,duong_thanh_mong_s1
timestamp_ms,key_code,event_type,key_class,is_modifier,session_id,user_id
50070.9681,Space,down,alpha,false,20260308_111815,duong_thanh_mong_s1
timestamp_ms,key_code,event_type,key_class,is_modifier,session_id,user_id
50126.1445,Space,up,alpha,false,20260308_111815,duong_thanh_mong_s1
timestamp_ms,key_code,event_type,key_class,is_modifier,session_id,user_id
50254.790499999996,KeyH,down,alpha,false,20260308_111815,duong_thanh_mong_s1
timestamp_ms,key_code,event_type,key_class,is_modifier,session_id,user_id
50318.0546,KeyH,up,alpha,false,20260308_111815,duong_thanh_mong_s1
timestamp_ms,key_code,event_type,key_class,is_modifier,session_id,user_id
50321.2532,KeyE,down,alpha,false,20260308_111815,duong_thanh_mong_s1
timestamp_ms,key_code,event_type,key_class,is_modifier,session_id,user_id
50374.080200000004,KeyE,up,alpha,false,20260308_111815,duong_thanh_mong_s1
timestamp_ms,key_code,event_type,key_class,is_modifier,session_id,user_id
50455.153600000005,KeyE,down,alpha,false,20260308_111815,duong_thanh_mong_s1
timestamp_ms,key_code,event_type,key_class,is_modifier,session_id,user_id
50510.1977,KeyE,up,alpha,false,20260308_111815,duong_thanh_mong_s1
timestamp_ms,key_code,event_type,key_class,is_modifier,session_id,user_id
50526.8048,KeyT,down,alpha,false,20260308_111815,duong_thanh_mong_s1
timestamp_ms,key_code,event_type,key_class,is_modifier,session_id,user_id
50582.0862,KeyT,up,alpha,false,20260308_111815,duong_thanh_mong_s1
timestamp_ms,key_code,event_type,key_class,is_modifier,session_id,user_id
50638.6774,KeyS,down,alpha,false,20260308_111815,duong_thanh_mong_s1
timestamp_ms,key_code,event_type,key_class,is_modifier,session_id,user_id
50702.1042,KeyS,up,alpha,false,20260308_111815,duong_thanh_mong_s1
timestamp_ms,key_code,event_type,key_class,is_modifier,session_id,user_id
50705.6527,Space,down,alpha,false,20260308_111815,duong_thanh_mong_s1
timestamp_ms,key_code,event_type,key_class,is_modifier,session_id,user_id
50782.0162,Space,up,alpha,false,20260308_111815,duong_thanh_mong_s1
timestamp_ms,key_code,event_type,key_class,is_modifier,session_id,user_id
50878.7961,KeyD,down,alpha,false,20260308_111815,duong_thanh_mong_s1
timestamp_ms,key_code,event_type,key_class,is_modifier,session_id,user_id
50942.1326,KeyD,up,alpha,false,20260308_111815,duong_thanh_mong_s1
timestamp_ms,key_code,event_type,key_class,is_modifier,session_id,user_id
51022.784700000004,KeyD,down,alpha,false,20260308_111815,duong_thanh_mong_s1
timestamp_ms,key_code,event_type,key_class,is_modifier,session_id,user_id
51070.8089,KeyO,down,alpha,false,20260308_111815,duong_thanh_mong_s1
timestamp_ms,key_code,event_type,key_class,is_modifier,session_id,user_id
51077.9637,KeyD,up,alpha,false,20260308_111815,duong_thanh_mong_s1
timestamp_ms,key_code,event_type,key_class,is_modifier,session_id,user_id
51150.0315,KeyO,up,alpha,false,20260308_111815,duong_thanh_mong_s1
timestamp_ms,key_code,event_type,key_class,is_modifier,session_id,user_id
51230.7893,KeyA,down,alpha,false,20260308_111815,duong_thanh_mong_s1
timestamp_ms,key_code,event_type,key_class,is_modifier,session_id,user_id
51318.0828,KeyA,up,alpha,false,20260308_111815,duong_thanh_mong_s1
timestamp_ms,key_code,event_type,key_class,is_modifier,session_id,user_id
51326.7765,KeyN,down,alpha,false,20260308_111815,duong_thanh_mong_s1
timestamp_ms,key_code,event_type,key_class,is_modifier,session_id,user_id
51390.082200000004,KeyN,up,alpha,false,20260308_111815,duong_thanh_mong_s1
timestamp_ms,key_code,event_type,key_class,is_modifier,session_id,user_id
51494.828400000006,KeyJ,down,alpha,false,20260308_111815,duong_thanh_mong_s1
timestamp_ms,key_code,event_type,key_class,is_modifier,session_id,user_id
51574.010299999994,KeyJ,up,alpha,false,20260308_111815,duong_thanh_mong_s1
timestamp_ms,key_code,event_type,key_class,is_modifier,session_id,user_id
51614.636699999995,Space,down,alpha,false,20260308_111815,duong_thanh_mong_s1
timestamp_ms,key_code,event_type,key_class,is_modifier,session_id,user_id
51686.073800000006,Space,up,alpha,false,20260308_111815,duong_thanh_mong_s1
timestamp_ms,key_code,event_type,key_class,is_modifier,session_id,user_id
51871.2484,KeyV,down,alpha,false,20260308_111815,duong_thanh_mong_s1
timestamp_ms,key_code,event_type,key_class,is_modifier,session_id,user_id
51950.1314,KeyV,up,alpha,false,20260308_111815,duong_thanh_mong_s1
timestamp_ms,key_code,event_type,key_class,is_modifier,session_id,user_id
51975.0982,KeyA,down,alpha,false,20260308_111815,duong_thanh_mong_s1
timestamp_ms,key_code,event_type,key_class,is_modifier,session_id,user_id
52078.9403,KeyW,down,alpha,false,20260308_111815,duong_thanh_mong_s1
timestamp_ms,key_code,event_type,key_class,is_modifier,session_id,user_id
52117.9511,KeyA,up,alpha,false,20260308_111815,duong_thanh_mong_s1
timestamp_ms,key_code,event_type,key_class,is_modifier,session_id,user_id
52134.8234,KeyN,down,alpha,false,20260308_111815,duong_thanh_mong_s1
timestamp_ms,key_code,event_type,key_class,is_modifier,session_id,user_id
52189.9569,KeyW,up,alpha,false,20260308_111815,duong_thanh_mong_s1
timestamp_ms,key_code,event_type,key_class,is_modifier,session_id,user_id
52213.9271,KeyN,up,alpha,false,20260308_111815,duong_thanh_mong_s1
timestamp_ms,key_code,event_type,key_class,is_modifier,session_id,user_id
52422.7094,Space,down,alpha,false,20260308_111815,duong_thanh_mong_s1
timestamp_ms,key_code,event_type,key_class,is_modifier,session_id,user_id
52494.152200000004,Space,up,alpha,false,20260308_111815,duong_thanh_mong_s1
timestamp_ms,key_code,event_type,key_class,is_modifier,session_id,user_id
52815.3613,KeyH,down,alpha,false,20260308_111815,duong_thanh_mong_s1
timestamp_ms,key_code,event_type,key_class,is_modifier,session_id,user_id
52870.248,KeyH,up,alpha,false,20260308_111815,duong_thanh_mong_s1
timestamp_ms,key_code,event_type,key_class,is_modifier,session_id,user_id
52886.5204,KeyA,down,alpha,false,20260308_111815,duong_thanh_mong_s1
timestamp_ms,key_code,event_type,key_class,is_modifier,session_id,user_id
52974.147600000004,KeyA,up,alpha,false,20260308_111815,duong_thanh_mong_s1
timestamp_ms,key_code,event_type,key_class,is_modifier,session_id,user_id
53023.1226,KeyY,down,alpha,false,20260308_111815,duong_thanh_mong_s1
timestamp_ms,key_code,event_type,key_class,is_modifier,session_id,user_id
53094.14,KeyY,up,alpha,false,20260308_111815,duong_thanh_mong_s1
timestamp_ms,key_code,event_type,key_class,is_modifier,session_id,user_id
53151.591199999995,Space,down,alpha,false,20260308_111815,duong_thanh_mong_s1
timestamp_ms,key_code,event_type,key_class,is_modifier,session_id,user_id
53254.168999999994,Space,up,alpha,false,20260308_111815,duong_thanh_mong_s1
timestamp_ms,key_code,event_type,key_class,is_modifier,session_id,user_id
54559.2682,Backspace,down,special,false,20260308_111815,duong_thanh_mong_s1
timestamp_ms,key_code,event_type,key_class,is_modifier,session_id,user_id
55069.6164,Backspace,down,special,false,20260308_111815,duong_thanh_mong_s1
timestamp_ms,key_code,event_type,key_class,is_modifier,session_id,user_id
55102.1027,Backspace,down,special,false,20260308_111815,duong_thanh_mong_s1
timestamp_ms,key_code,event_type,key_class,is_modifier,session_id,user_id
55132.7229,Backspace,down,special,false,20260308_111815,duong_thanh_mong_s1
timestamp_ms,key_code,event_type,key_class,is_modifier,session_id,user_id
55163.9566,Backspace,down,special,false,20260308_111815,duong_thanh_mong_s1
timestamp_ms,key_code,event_type,key_class,is_modifier,session_id,user_id
55195.1913,Backspace,down,special,false,20260308_111815,duong_thanh_mong_s1
timestamp_ms,key_code,event_type,key_class,is_modifier,session_id,user_id
55226.4431,Backspace,down,special,false,20260308_111815,duong_thanh_mong_s1
timestamp_ms,key_code,event_type,key_class,is_modifier,session_id,user_id
55258.253699999994,Backspace,down,special,false,20260308_111815,duong_thanh_mong_s1
timestamp_ms,key_code,event_type,key_class,is_modifier,session_id,user_id
55290.210999999996,Backspace,down,special,false,20260308_111815,duong_thanh_mong_s1
timestamp_ms,key_code,event_type,key_class,is_modifier,session_id,user_id
55336.5898,Backspace,down,special,false,20260308_111815,duong_thanh_mong_s1
timestamp_ms,key_code,event_type,key_class,is_modifier,session_id,user_id
55366.867300000005,Backspace,down,special,false,20260308_111815,duong_thanh_mong_s1
timestamp_ms,key_code,event_type,key_class,is_modifier,session_id,user_id
55397.553700000004,Backspace,down,special,false,20260308_111815,duong_thanh_mong_s1
timestamp_ms,key_code,event_type,key_class,is_modifier,session_id,user_id
55429.3385,Backspace,down,special,false,20260308_111815,duong_thanh_mong_s1
timestamp_ms,key_code,event_type,key_class,is_modifier,session_id,user_id
55460.9243,Backspace,down,special,false,20260308_111815,duong_thanh_mong_s1
timestamp_ms,key_code,event_type,key_class,is_modifier,session_id,user_id
55491.2854,Backspace,down,special,false,20260308_111815,duong_thanh_mong_s1
timestamp_ms,key_code,event_type,key_class,is_modifier,session_id,user_id
55522.080799999996,Backspace,down,special,false,20260308_111815,duong_thanh_mong_s1
timestamp_ms,key_code,event_type,key_class,is_modifier,session_id,user_id
55533.935300000005,Backspace,up,special,false,20260308_111815,duong_thanh_mong_s1
timestamp_ms,key_code,event_type,key_class,is_modifier,session_id,user_id
55806.9729,Backspace,down,special,false,20260308_111815,duong_thanh_mong_s1
timestamp_ms,key_code,event_type,key_class,is_modifier,session_id,user_id
55878.0772,Backspace,up,special,false,20260308_111815,duong_thanh_mong_s1
timestamp_ms,key_code,event_type,key_class,is_modifier,session_id,user_id
56134.9647,KeyT,down,alpha,false,20260308_111815,duong_thanh_mong_s1
timestamp_ms,key_code,event_type,key_class,is_modifier,session_id,user_id
56190.1394,KeyT,up,alpha,false,20260308_111815,duong_thanh_mong_s1
timestamp_ms,key_code,event_type,key_class,is_modifier,session_id,user_id
56287.5425,KeyI,down,alpha,false,20260308_111815,duong_thanh_mong_s1
timestamp_ms,key_code,event_type,key_class,is_modifier,session_id,user_id
56365.9921,KeyI,up,alpha,false,20260308_111815,duong_thanh_mong_s1
timestamp_ms,key_code,event_type,key_class,is_modifier,session_id,user_id
56398.6828,KeyE,down,alpha,false,20260308_111815,duong_thanh_mong_s1
timestamp_ms,key_code,event_type,key_class,is_modifier,session_id,user_id
56462.3414,KeyE,up,alpha,false,20260308_111815,duong_thanh_mong_s1
timestamp_ms,key_code,event_type,key_class,is_modifier,session_id,user_id
56542.7567,KeyE,down,alpha,false,20260308_111815,duong_thanh_mong_s1
timestamp_ms,key_code,event_type,key_class,is_modifier,session_id,user_id
56597.990099999995,KeyE,up,alpha,false,20260308_111815,duong_thanh_mong_s1
timestamp_ms,key_code,event_type,key_class,is_modifier,session_id,user_id
56615.0825,KeyP,down,alpha,false,20260308_111815,duong_thanh_mong_s1
timestamp_ms,key_code,event_type,key_class,is_modifier,session_id,user_id
56694.1382,KeyP,up,alpha,false,20260308_111815,duong_thanh_mong_s1
timestamp_ms,key_code,event_type,key_class,is_modifier,session_id,user_id
56743.3683,KeyS,down,alpha,false,20260308_111815,duong_thanh_mong_s1
timestamp_ms,key_code,event_type,key_class,is_modifier,session_id,user_id
56805.9086,KeyS,up,alpha,false,20260308_111815,duong_thanh_mong_s1
timestamp_ms,key_code,event_type,key_class,is_modifier,session_id,user_id
57662.962999999996,Space,down,alpha,false,20260308_111815,duong_thanh_mong_s1
timestamp_ms,key_code,event_type,key_class,is_modifier,session_id,user_id
57741.993899999994,Space,up,alpha,false,20260308_111815,duong_thanh_mong_s1
timestamp_ms,key_code,event_type,key_class,is_modifier,session_id,user_id
57934.9309,KeyV,down,alpha,false,20260308_111815,duong_thanh_mong_s1
timestamp_ms,key_code,event_type,key_class,is_modifier,session_id,user_id
57998.735,KeyA,down,alpha,false,20260308_111815,duong_thanh_mong_s1
timestamp_ms,key_code,event_type,key_class,is_modifier,session_id,user_id
58006.159400000004,KeyV,up,alpha,false,20260308_111815,duong_thanh_mong_s1
timestamp_ms,key_code,event_type,key_class,is_modifier,session_id,user_id
58085.9527,KeyA,up,alpha,false,20260308_111815,duong_thanh_mong_s1
timestamp_ms,key_code,event_type,key_class,is_modifier,session_id,user_id
58150.936700000006,KeyF,down,alpha,false,20260308_111815,duong_thanh_mong_s1
timestamp_ms,key_code,event_type,key_class,is_modifier,session_id,user_id
58214.2624,KeyF,up,alpha,false,20260308_111815,duong_thanh_mong_s1
timestamp_ms,key_code,event_type,key_class,is_modifier,session_id,user_id
58302.8696,Space,down,alpha,false,20260308_111815,duong_thanh_mong_s1
timestamp_ms,key_code,event_type,key_class,is_modifier,session_id,user_id
58366.0835,Space,up,alpha,false,20260308_111815,duong_thanh_mong_s1
timestamp_ms,key_code,event_type,key_class,is_modifier,session_id,user_id
58566.872599999995,KeyK,down,alpha,false,20260308_111815,duong_thanh_mong_s1
timestamp_ms,key_code,event_type,key_class,is_modifier,session_id,user_id
58646.229499999994,KeyK,up,alpha,false,20260308_111815,duong_thanh_mong_s1
timestamp_ms,key_code,event_type,key_class,is_modifier,session_id,user_id
58678.8301,KeyH,down,alpha,false,20260308_111815,duong_thanh_mong_s1
timestamp_ms,key_code,event_type,key_class,is_modifier,session_id,user_id
58734.144,KeyH,up,alpha,false,20260308_111815,duong_thanh_mong_s1
timestamp_ms,key_code,event_type,key_class,is_modifier,session_id,user_id
58782.7622,KeyO,down,alpha,false,20260308_111815,duong_thanh_mong_s1
timestamp_ms,key_code,event_type,key_class,is_modifier,session_id,user_id
58838.1933,KeyO,up,alpha,false,20260308_111815,duong_thanh_mong_s1
timestamp_ms,key_code,event_type,key_class,is_modifier,session_id,user_id
58926.4977,KeyO,down,alpha,false,20260308_111815,duong_thanh_mong_s1
timestamp_ms,key_code,event_type,key_class,is_modifier,session_id,user_id
58998.7247,KeyN,down,alpha,false,20260308_111815,duong_thanh_mong_s1
timestamp_ms,key_code,event_type,key_class,is_modifier,session_id,user_id
59022.0487,KeyO,up,alpha,false,20260308_111815,duong_thanh_mong_s1
timestamp_ms,key_code,event_type,key_class,is_modifier,session_id,user_id
59038.765699999996,KeyG,down,alpha,false,20260308_111815,duong_thanh_mong_s1
timestamp_ms,key_code,event_type,key_class,is_modifier,session_id,user_id
59078.0022,KeyN,up,alpha,false,20260308_111815,duong_thanh_mong_s1
timestamp_ms,key_code,event_type,key_class,is_modifier,session_id,user_id
59085.9816,KeyG,up,alpha,false,20260308_111815,duong_thanh_mong_s1
timestamp_ms,key_code,event_type,key_class,is_modifier,session_id,user_id
59174.6993,Space,down,alpha,false,20260308_111815,duong_thanh_mong_s1
timestamp_ms,key_code,event_type,key_class,is_modifier,session_id,user_id
59253.9869,Space,up,alpha,false,20260308_111815,duong_thanh_mong_s1
timestamp_ms,key_code,event_type,key_class,is_modifier,session_id,user_id
59359.029,KeyC,down,alpha,false,20260308_111815,duong_thanh_mong_s1
timestamp_ms,key_code,event_type,key_class,is_modifier,session_id,user_id
59430.357299999996,KeyC,up,alpha,false,20260308_111815,duong_thanh_mong_s1
timestamp_ms,key_code,event_type,key_class,is_modifier,session_id,user_id
59494.807199999996,KeyH,down,alpha,false,20260308_111815,duong_thanh_mong_s1
timestamp_ms,key_code,event_type,key_class,is_modifier,session_id,user_id
59565.9513,KeyH,up,alpha,false,20260308_111815,duong_thanh_mong_s1
timestamp_ms,key_code,event_type,key_class,is_modifier,session_id,user_id
59694.957500000004,KeyO,down,alpha,false,20260308_111815,duong_thanh_mong_s1
timestamp_ms,key_code,event_type,key_class,is_modifier,session_id,user_id
59798.1968,KeyO,up,alpha,false,20260308_111815,duong_thanh_mong_s1
timestamp_ms,key_code,event_type,key_class,is_modifier,session_id,user_id
59823.4971,Space,down,alpha,false,20260308_111815,duong_thanh_mong_s1
timestamp_ms,key_code,event_type,key_class,is_modifier,session_id,user_id
59894.0792,Space,up,alpha,false,20260308_111815,duong_thanh_mong_s1
timestamp_ms,key_code,event_type,key_class,is_modifier,session_id,user_id
60142.8175,KeyG,down,alpha,false,20260308_111815,duong_thanh_mong_s1
timestamp_ms,key_code,event_type,key_class,is_modifier,session_id,user_id
60214.0781,KeyG,up,alpha,false,20260308_111815,duong_thanh_mong_s1
timestamp_ms,key_code,event_type,key_class,is_modifier,session_id,user_id
60246.8788,KeyO,down,alpha,false,20260308_111815,duong_thanh_mong_s1
timestamp_ms,key_code,event_type,key_class,is_modifier,session_id,user_id
60342.0568,KeyO,up,alpha,false,20260308_111815,duong_thanh_mong_s1
timestamp_ms,key_code,event_type,key_class,is_modifier,session_id,user_id
60415.1989,KeyX,down,alpha,false,20260308_111815,duong_thanh_mong_s1
timestamp_ms,key_code,event_type,key_class,is_modifier,session_id,user_id
60486.13619999999,KeyX,up,alpha,false,20260308_111815,duong_thanh_mong_s1
timestamp_ms,key_code,event_type,key_class,is_modifier,session_id,user_id
61055.018500000006,Space,down,alpha,false,20260308_111815,duong_thanh_mong_s1
timestamp_ms,key_code,event_type,key_class,is_modifier,session_id,user_id
61133.8653,Space,up,alpha,false,20260308_111815,duong_thanh_mong_s1
timestamp_ms,key_code,event_type,key_class,is_modifier,session_id,user_id
61630.645899999996,KeyC,down,alpha,false,20260308_111815,duong_thanh_mong_s1
timestamp_ms,key_code,event_type,key_class,is_modifier,session_id,user_id
61734.5154,KeyA,down,alpha,false,20260308_111815,duong_thanh_mong_s1
timestamp_ms,key_code,event_type,key_class,is_modifier,session_id,user_id
61749.931,KeyC,up,alpha,false,20260308_111815,duong_thanh_mong_s1
timestamp_ms,key_code,event_type,key_class,is_modifier,session_id,user_id
61886.6337,KeyC,down,alpha,false,20260308_111815,duong_thanh_mong_s1
timestamp_ms,key_code,event_type,key_class,is_modifier,session_id,user_id
61917.94,KeyA,up,alpha,false,20260308_111815,duong_thanh_mong_s1
timestamp_ms,key_code,event_type,key_class,is_modifier,session_id,user_id
61919.414699999994,KeyS,down,alpha,false,20260308_111815,duong_thanh_mong_s1
timestamp_ms,key_code,event_type,key_class,is_modifier,session_id,user_id
61973.912599999996,KeyC,up,alpha,false,20260308_111815,duong_thanh_mong_s1
timestamp_ms,key_code,event_type,key_class,is_modifier,session_id,user_id
61989.9816,KeyS,up,alpha,false,20260308_111815,duong_thanh_mong_s1
timestamp_ms,key_code,event_type,key_class,is_modifier,session_id,user_id
62022.6005,Space,down,alpha,false,20260308_111815,duong_thanh_mong_s1
timestamp_ms,key_code,event_type,key_class,is_modifier,session_id,user_id
62093.916399999995,Space,up,alpha,false,20260308_111815,duong_thanh_mong_s1
timestamp_ms,key_code,event_type,key_class,is_modifier,session_id,user_id
101054.8892,KeyC,down,alpha,false,20260308_111815,duong_thanh_mong_s1
timestamp_ms,key_code,event_type,key_class,is_modifier,session_id,user_id
101110.2442,KeyC,up,alpha,false,20260308_111815,duong_thanh_mong_s1
timestamp_ms,key_code,event_type,key_class,is_modifier,session_id,user_id
101159.04729999999,KeyH,down,alpha,false,20260308_111815,duong_thanh_mong_s1
timestamp_ms,key_code,event_type,key_class,is_modifier,session_id,user_id
101222.057,KeyH,up,alpha,false,20260308_111815,duong_thanh_mong_s1
timestamp_ms,key_code,event_type,key_class,is_modifier,session_id,user_id
101334.9429,KeyU,down,alpha,false,20260308_111815,duong_thanh_mong_s1
timestamp_ms,key_code,event_type,key_class,is_modifier,session_id,user_id
101414.1219,KeyU,up,alpha,false,20260308_111815,duong_thanh_mong_s1
timestamp_ms,key_code,event_type,key_class,is_modifier,session_id,user_id
101551.13540000001,KeyO,down,alpha,false,20260308_111815,duong_thanh_mong_s1
timestamp_ms,key_code,event_type,key_class,is_modifier,session_id,user_id
101598.0063,KeyO,up,alpha,false,20260308_111815,duong_thanh_mong_s1
timestamp_ms,key_code,event_type,key_class,is_modifier,session_id,user_id
101702.8079,KeyO,down,alpha,false,20260308_111815,duong_thanh_mong_s1
timestamp_ms,key_code,event_type,key_class,is_modifier,session_id,user_id
101758.3062,KeyO,up,alpha,false,20260308_111815,duong_thanh_mong_s1
timestamp_ms,key_code,event_type,key_class,is_modifier,session_id,user_id
101854.80769999999,KeyI,down,alpha,false,20260308_111815,duong_thanh_mong_s1
timestamp_ms,key_code,event_type,key_class,is_modifier,session_id,user_id
101919.2013,KeyX,down,alpha,false,20260308_111815,duong_thanh_mong_s1
timestamp_ms,key_code,event_type,key_class,is_modifier,session_id,user_id
101933.9962,KeyI,up,alpha,false,20260308_111815,duong_thanh_mong_s1
timestamp_ms,key_code,event_type,key_class,is_modifier,session_id,user_id
101974.16339999999,KeyX,up,alpha,false,20260308_111815,duong_thanh_mong_s1
timestamp_ms,key_code,event_type,key_class,is_modifier,session_id,user_id
102046.7982,Space,down,alpha,false,20260308_111815,duong_thanh_mong_s1
timestamp_ms,key_code,event_type,key_class,is_modifier,session_id,user_id
102102.3802,Space,up,alpha,false,20260308_111815,duong_thanh_mong_s1
timestamp_ms,key_code,event_type,key_class,is_modifier,session_id,user_id
102150.60549999999,KeyL,down,alpha,false,20260308_111815,duong_thanh_mong_s1
timestamp_ms,key_code,event_type,key_class,is_modifier,session_id,user_id
102238.42139999999,KeyL,up,alpha,false,20260308_111815,duong_thanh_mong_s1
timestamp_ms,key_code,event_type,key_class,is_modifier,session_id,user_id
102383.0754,KeyU,down,alpha,false,20260308_111815,duong_thanh_mong_s1
timestamp_ms,key_code,event_type,key_class,is_modifier,session_id,user_id
102462.0093,KeyU,up,alpha,false,20260308_111815,duong_thanh_mong_s1
timestamp_ms,key_code,event_type,key_class,is_modifier,session_id,user_id
102590.79250000001,KeyO,down,alpha,false,20260308_111815,duong_thanh_mong_s1
timestamp_ms,key_code,event_type,key_class,is_modifier,session_id,user_id
102654.11159999999,KeyO,up,alpha,false,20260308_111815,duong_thanh_mong_s1
timestamp_ms,key_code,event_type,key_class,is_modifier,session_id,user_id
102750.8741,KeyO,down,alpha,false,20260308_111815,duong_thanh_mong_s1
timestamp_ms,key_code,event_type,key_class,is_modifier,session_id,user_id
102790.7173,KeyN,down,alpha,false,20260308_111815,duong_thanh_mong_s1
timestamp_ms,key_code,event_type,key_class,is_modifier,session_id,user_id
102814.08810000001,KeyO,up,alpha,false,20260308_111815,duong_thanh_mong_s1
timestamp_ms,key_code,event_type,key_class,is_modifier,session_id,user_id
102894.1291,KeyN,up,alpha,false,20260308_111815,duong_thanh_mong_s1
timestamp_ms,key_code,event_type,key_class,is_modifier,session_id,user_id
103014.8933,Return,down,special,false,20260308_111815,duong_thanh_mong_s1
timestamp_ms,key_code,event_type,key_class,is_modifier,session_id,user_id
103078.1611,Return,up,special,false,20260308_111815,duong_thanh_mong_s1
timestamp_ms,key_code,event_type,key_class,is_modifier,session_id,user_id
286606.6657,CapsLock,down,special,false,20260308_111815,duong_thanh_mong_s1
timestamp_ms,key_code,event_type,key_class,is_modifier,session_id,user_id
286694.1804,CapsLock,up,special,false,20260308_111815,duong_thanh_mong_s1
timestamp_ms,key_code,event_type,key_class,is_modifier,session_id,user_id
286735.165,KeyM,down,alpha,false,20260308_111815,duong_thanh_mong_s1
timestamp_ms,key_code,event_type,key_class,is_modifier,session_id,user_id
286774.8433,CapsLock,down,special,false,20260308_111815,duong_thanh_mong_s1
timestamp_ms,key_code,event_type,key_class,is_modifier,session_id,user_id
286790.17270000005,KeyM,up,alpha,false,20260308_111815,duong_thanh_mong_s1
timestamp_ms,key_code,event_type,key_class,is_modifier,session_id,user_id
286854.1489,CapsLock,up,special,false,20260308_111815,duong_thanh_mong_s1
timestamp_ms,key_code,event_type,key_class,is_modifier,session_id,user_id
286943.58019999997,KeyO,down,alpha,false,20260308_111815,duong_thanh_mong_s1
timestamp_ms,key_code,event_type,key_class,is_modifier,session_id,user_id
287030.7683,KeyN,down,alpha,false,20260308_111815,duong_thanh_mong_s1
timestamp_ms,key_code,event_type,key_class,is_modifier,session_id,user_id
287070.0619,KeyO,up,alpha,false,20260308_111815,duong_thanh_mong_s1
timestamp_ms,key_code,event_type,key_class,is_modifier,session_id,user_id
287110.1453,KeyN,up,alpha,false,20260308_111815,duong_thanh_mong_s1
timestamp_ms,key_code,event_type,key_class,is_modifier,session_id,user_id
287126.7932,KeyG,down,alpha,false,20260308_111815,duong_thanh_mong_s1
timestamp_ms,key_code,event_type,key_class,is_modifier,session_id,user_id
287190.06,KeyG,up,alpha,false,20260308_111815,duong_thanh_mong_s1
timestamp_ms,key_code,event_type,key_class,is_modifier,session_id,user_id
287478.8884,ShiftLeft,down,modifier,true,20260308_111815,duong_thanh_mong_s1
timestamp_ms,key_code,event_type,key_class,is_modifier,session_id,user_id
287662.84839999996,Num2,down,digit,false,20260308_111815,duong_thanh_mong_s1
timestamp_ms,key_code,event_type,key_class,is_modifier,session_id,user_id
287726.236,Num2,up,digit,false,20260308_111815,duong_thanh_mong_s1
timestamp_ms,key_code,event_type,key_class,is_modifier,session_id,user_id
287830.024,ShiftLeft,up,modifier,true,20260308_111815,duong_thanh_mong_s1
timestamp_ms,key_code,event_type,key_class,is_modifier,session_id,user_id
288062.9039,Num0,down,digit,false,20260308_111815,duong_thanh_mong_s1
timestamp_ms,key_code,event_type,key_class,is_modifier,session_id,user_id
288142.1831,Num0,up,digit,false,20260308_111815,duong_thanh_mong_s1
timestamp_ms,key_code,event_type,key_class,is_modifier,session_id,user_id
288327.16620000004,Num7,down,digit,false,20260308_111815,duong_thanh_mong_s1
timestamp_ms,key_code,event_type,key_class,is_modifier,session_id,user_id
288398.2277,Num7,up,digit,false,20260308_111815,duong_thanh_mong_s1
timestamp_ms,key_code,event_type,key_class,is_modifier,session_id,user_id
288519.0341,Num0,down,digit,false,20260308_111815,duong_thanh_mong_s1
timestamp_ms,key_code,event_type,key_class,is_modifier,session_id,user_id
288597.9638,Num0,up,digit,false,20260308_111815,duong_thanh_mong_s1
timestamp_ms,key_code,event_type,key_class,is_modifier,session_id,user_id
288623.0015,Num2,down,digit,false,20260308_111815,duong_thanh_mong_s1
timestamp_ms,key_code,event_type,key_class,is_modifier,session_id,user_id
288685.9545,Num2,up,digit,false,20260308_111815,duong_thanh_mong_s1
timestamp_ms,key_code,event_type,key_class,is_modifier,session_id,user_id
288758.753,Num2,down,digit,false,20260308_111815,duong_thanh_mong_s1
timestamp_ms,key_code,event_type,key_class,is_modifier,session_id,user_id
288799.1123,Num0,down,digit,false,20260308_111815,duong_thanh_mong_s1
timestamp_ms,key_code,event_type,key_class,is_modifier,session_id,user_id
288830.23709999997,Num2,up,digit,false,20260308_111815,duong_thanh_mong_s1
timestamp_ms,key_code,event_type,key_class,is_modifier,session_id,user_id
288846.0862,Num0,up,digit,false,20260308_111815,duong_thanh_mong_s1
timestamp_ms,key_code,event_type,key_class,is_modifier,session_id,user_id
288918.55299999996,Num0,down,digit,false,20260308_111815,duong_thanh_mong_s1
timestamp_ms,key_code,event_type,key_class,is_modifier,session_id,user_id
288998.08619999996,Num0,up,digit,false,20260308_111815,duong_thanh_mong_s1
timestamp_ms,key_code,event_type,key_class,is_modifier,session_id,user_id
289152.02119999996,Num5,down,digit,false,20260308_111815,duong_thanh_mong_s1
timestamp_ms,key_code,event_type,key_class,is_modifier,session_id,user_id
289214.5528,Num5,up,digit,false,20260308_111815,duong_thanh_mong_s1
timestamp_ms,key_code,event_type,key_class,is_modifier,session_id,user_id
289303.1299,Return,down,special,false,20260308_111815,duong_thanh_mong_s1
timestamp_ms,key_code,event_type,key_class,is_modifier,session_id,user_id
289382.1302,Return,up,special,false,20260308_111815,duong_thanh_mong_s1
timestamp_ms,key_code,event_type,key_class,is_modifier,session_id,user_id
292406.9193,CapsLock,down,special,false,20260308_111815,duong_thanh_mong_s1
timestamp_ms,key_code,event_type,key_class,is_modifier,session_id,user_id
292502.086,CapsLock,up,special,false,20260308_111815,duong_thanh_mong_s1
timestamp_ms,key_code,event_type,key_class,is_modifier,session_id,user_id
292590.9117,KeyM,down,alpha,false,20260308_111815,duong_thanh_mong_s1
timestamp_ms,key_code,event_type,key_class,is_modifier,session_id,user_id
292638.1868,KeyM,up,alpha,false,20260308_111815,duong_thanh_mong_s1
timestamp_ms,key_code,event_type,key_class,is_modifier,session_id,user_id
292648.3653,CapsLock,down,special,false,20260308_111815,duong_thanh_mong_s1
timestamp_ms,key_code,event_type,key_class,is_modifier,session_id,user_id
292718.1013,CapsLock,up,special,false,20260308_111815,duong_thanh_mong_s1
timestamp_ms,key_code,event_type,key_class,is_modifier,session_id,user_id
292758.94649999996,KeyO,down,alpha,false,20260308_111815,duong_thanh_mong_s1
timestamp_ms,key_code,event_type,key_class,is_modifier,session_id,user_id
292846.9727,KeyN,down,alpha,false,20260308_111815,duong_thanh_mong_s1
timestamp_ms,key_code,event_type,key_class,is_modifier,session_id,user_id
292878.1408,KeyO,up,alpha,false,20260308_111815,duong_thanh_mong_s1
timestamp_ms,key_code,event_type,key_class,is_modifier,session_id,user_id
292926.1176,KeyN,up,alpha,false,20260308_111815,duong_thanh_mong_s1
timestamp_ms,key_code,event_type,key_class,is_modifier,session_id,user_id
292975.4042,KeyG,down,alpha,false,20260308_111815,duong_thanh_mong_s1
timestamp_ms,key_code,event_type,key_class,is_modifier,session_id,user_id
293038.2586,KeyG,up,alpha,false,20260308_111815,duong_thanh_mong_s1
timestamp_ms,key_code,event_type,key_class,is_modifier,session_id,user_id
293783.0755,Num0,down,digit,false,20260308_111815,duong_thanh_mong_s1
timestamp_ms,key_code,event_type,key_class,is_modifier,session_id,user_id
293846.1112,Num0,up,digit,false,20260308_111815,duong_thanh_mong_s1
timestamp_ms,key_code,event_type,key_class,is_modifier,session_id,user_id
294014.9439,Num7,down,digit,false,20260308_111815,duong_thanh_mong_s1
timestamp_ms,key_code,event_type,key_class,is_modifier,session_id,user_id
294078.1533,Num7,up,digit,false,20260308_111815,duong_thanh_mong_s1
timestamp_ms,key_code,event_type,key_class,is_modifier,session_id,user_id
294214.9564,Num0,down,digit,false,20260308_111815,duong_thanh_mong_s1
timestamp_ms,key_code,event_type,key_class,is_modifier,session_id,user_id
294302.4916,Num0,up,digit,false,20260308_111815,duong_thanh_mong_s1
timestamp_ms,key_code,event_type,key_class,is_modifier,session_id,user_id
294335.8511,Num2,down,digit,false,20260308_111815,duong_thanh_mong_s1
timestamp_ms,key_code,event_type,key_class,is_modifier,session_id,user_id
294373.9706,Num2,up,digit,false,20260308_111815,duong_thanh_mong_s1
timestamp_ms,key_code,event_type,key_class,is_modifier,session_id,user_id
294455.9795,Num2,down,digit,false,20260308_111815,duong_thanh_mong_s1
timestamp_ms,key_code,event_type,key_class,is_modifier,session_id,user_id
294517.9307,Num2,up,digit,false,20260308_111815,duong_thanh_mong_s1
timestamp_ms,key_code,event_type,key_class,is_modifier,session_id,user_id
294521.27139999997,Num0,down,digit,false,20260308_111815,duong_thanh_mong_s1
timestamp_ms,key_code,event_type,key_class,is_modifier,session_id,user_id
294566.4516,Num0,up,digit,false,20260308_111815,duong_thanh_mong_s1
timestamp_ms,key_code,event_type,key_class,is_modifier,session_id,user_id
294639.8971,Num0,down,digit,false,20260308_111815,duong_thanh_mong_s1
timestamp_ms,key_code,event_type,key_class,is_modifier,session_id,user_id
294717.97579999996,Num0,up,digit,false,20260308_111815,duong_thanh_mong_s1
timestamp_ms,key_code,event_type,key_class,is_modifier,session_id,user_id
294838.8333,Num5,down,digit,false,20260308_111815,duong_thanh_mong_s1
timestamp_ms,key_code,event_type,key_class,is_modifier,session_id,user_id
294902.2282,Num5,up,digit,false,20260308_111815,duong_thanh_mong_s1
timestamp_ms,key_code,event_type,key_class,is_modifier,session_id,user_id
294951.0232,Return,down,special,false,20260308_111815,duong_thanh_mong_s1
timestamp_ms,key_code,event_type,key_class,is_modifier,session_id,user_id
295030.21369999996,Return,up,special,false,20260308_111815,duong_thanh_mong_s1
timestamp_ms,key_code,event_type,key_class,is_modifier,session_id,user_id
347214.9485,KeyT,down,alpha,false,20260308_111815,duong_thanh_mong_s1
timestamp_ms,key_code,event_type,key_class,is_modifier,session_id,user_id
347254.03640000004,KeyT,up,alpha,false,20260308_111815,duong_thanh_mong_s1
timestamp_ms,key_code,event_type,key_class,is_modifier,session_id,user_id
347352.75419999997,KeyI,down,alpha,false,20260308_111815,duong_thanh_mong_s1
timestamp_ms,key_code,event_type,key_class,is_modifier,session_id,user_id
347429.97239999997,KeyI,up,alpha,false,20260308_111815,duong_thanh_mong_s1
timestamp_ms,key_code,event_type,key_class,is_modifier,session_id,user_id
347479.4738,KeyE,down,alpha,false,20260308_111815,duong_thanh_mong_s1
timestamp_ms,key_code,event_type,key_class,is_modifier,session_id,user_id
347518.1972,KeyE,up,alpha,false,20260308_111815,duong_thanh_mong_s1
timestamp_ms,key_code,event_type,key_class,is_modifier,session_id,user_id
347624.1103,KeyE,down,alpha,false,20260308_111815,duong_thanh_mong_s1
timestamp_ms,key_code,event_type,key_class,is_modifier,session_id,user_id
347669.93830000004,KeyE,up,alpha,false,20260308_111815,duong_thanh_mong_s1
timestamp_ms,key_code,event_type,key_class,is_modifier,session_id,user_id
347672.6543,KeyP,down,alpha,false,20260308_111815,duong_thanh_mong_s1
timestamp_ms,key_code,event_type,key_class,is_modifier,session_id,user_id
347750.006,KeyP,up,alpha,false,20260308_111815,duong_thanh_mong_s1
timestamp_ms,key_code,event_type,key_class,is_modifier,session_id,user_id
347799.59459999995,KeyS,down,alpha,false,20260308_111815,duong_thanh_mong_s1
timestamp_ms,key_code,event_type,key_class,is_modifier,session_id,user_id
347862.0467,KeyS,up,alpha,false,20260308_111815,duong_thanh_mong_s1
timestamp_ms,key_code,event_type,key_class,is_modifier,session_id,user_id
347903.1632,Space,down,alpha,false,20260308_111815,duong_thanh_mong_s1
timestamp_ms,key_code,event_type,key_class,is_modifier,session_id,user_id
347958.0311,Space,up,alpha,false,20260308_111815,duong_thanh_mong_s1
timestamp_ms,key_code,event_type,key_class,is_modifier,session_id,user_id
348046.51389999996,KeyT,down,alpha,false,20260308_111815,duong_thanh_mong_s1
timestamp_ms,key_code,event_type,key_class,is_modifier,session_id,user_id
348094.17079999996,KeyT,up,alpha,false,20260308_111815,duong_thanh_mong_s1
timestamp_ms,key_code,event_type,key_class,is_modifier,session_id,user_id
348134.5516,KeyU,down,alpha,false,20260308_111815,duong_thanh_mong_s1
timestamp_ms,key_code,event_type,key_class,is_modifier,session_id,user_id
348206.0646,KeyU,up,alpha,false,20260308_111815,duong_thanh_mong_s1
timestamp_ms,key_code,event_type,key_class,is_modifier,session_id,user_id
348247.29819999996,KeyC,down,alpha,false,20260308_111815,duong_thanh_mong_s1
timestamp_ms,key_code,event_type,key_class,is_modifier,session_id,user_id
348317.9891,KeyC,up,alpha,false,20260308_111815,duong_thanh_mong_s1
timestamp_ms,key_code,event_type,key_class,is_modifier,session_id,user_id
348342.8861,KeyJ,down,alpha,false,20260308_111815,duong_thanh_mong_s1
timestamp_ms,key_code,event_type,key_class,is_modifier,session_id,user_id
348422.214,KeyJ,up,alpha,false,20260308_111815,duong_thanh_mong_s1
timestamp_ms,key_code,event_type,key_class,is_modifier,session_id,user_id
348511.22140000004,Space,down,alpha,false,20260308_111815,duong_thanh_mong_s1
timestamp_ms,key_code,event_type,key_class,is_modifier,session_id,user_id
348565.9723,Space,up,alpha,false,20260308_111815,duong_thanh_mong_s1
timestamp_ms,key_code,event_type,key_class,is_modifier,session_id,user_id
348959.4195,KeyD,down,alpha,false,20260308_111815,duong_thanh_mong_s1
timestamp_ms,key_code,event_type,key_class,is_modifier,session_id,user_id
349022.2386,KeyD,up,alpha,false,20260308_111815,duong_thanh_mong_s1
timestamp_ms,key_code,event_type,key_class,is_modifier,session_id,user_id
349096.31919999997,KeyD,down,alpha,false,20260308_111815,duong_thanh_mong_s1
timestamp_ms,key_code,event_type,key_class,is_modifier,session_id,user_id
349160.0002,KeyI,down,alpha,false,20260308_111815,duong_thanh_mong_s1
timestamp_ms,key_code,event_type,key_class,is_modifier,session_id,user_id
349166.5455,KeyD,up,alpha,false,20260308_111815,duong_thanh_mong_s1
timestamp_ms,key_code,event_type,key_class,is_modifier,session_id,user_id
349238.8252,Space,down,alpha,false,20260308_111815,duong_thanh_mong_s1
timestamp_ms,key_code,event_type,key_class,is_modifier,session_id,user_id
349246.3074,KeyI,up,alpha,false,20260308_111815,duong_thanh_mong_s1
timestamp_ms,key_code,event_type,key_class,is_modifier,session_id,user_id
349318.16370000003,Space,up,alpha,false,20260308_111815,duong_thanh_mong_s1
timestamp_ms,key_code,event_type,key_class,is_modifier,session_id,user_id
349423.8564,KeyB,down,alpha,false,20260308_111815,duong_thanh_mong_s1
timestamp_ms,key_code,event_type,key_class,is_modifier,session_id,user_id
349479.0407,KeyA,down,alpha,false,20260308_111815,duong_thanh_mong_s1
timestamp_ms,key_code,event_type,key_class,is_modifier,session_id,user_id
349493.9665,KeyB,up,alpha,false,20260308_111815,duong_thanh_mong_s1
timestamp_ms,key_code,event_type,key_class,is_modifier,session_id,user_id
349565.9569,KeyA,up,alpha,false,20260308_111815,duong_thanh_mong_s1
timestamp_ms,key_code,event_type,key_class,is_modifier,session_id,user_id
349607.0283,KeyN,down,alpha,false,20260308_111815,duong_thanh_mong_s1
timestamp_ms,key_code,event_type,key_class,is_modifier,session_id,user_id
349630.8455,KeyN,up,alpha,false,20260308_111815,duong_thanh_mong_s1
timestamp_ms,key_code,event_type,key_class,is_modifier,session_id,user_id
349726.79520000005,KeyJ,down,alpha,false,20260308_111815,duong_thanh_mong_s1
timestamp_ms,key_code,event_type,key_class,is_modifier,session_id,user_id
349790.0333,KeyJ,up,alpha,false,20260308_111815,duong_thanh_mong_s1
timestamp_ms,key_code,event_type,key_class,is_modifier,session_id,user_id
349927.0671,Return,down,special,false,20260308_111815,duong_thanh_mong_s1
timestamp_ms,key_code,event_type,key_class,is_modifier,session_id,user_id
349982.02400000003,Return,up,special,false,20260308_111815,duong_thanh_mong_s1
timestamp_ms,key_code,event_type,key_class,is_modifier,session_id,user_id
465215.6977,UpArrow,down,navigation,false,20260308_111815,duong_thanh_mong_s1
timestamp_ms,key_code,event_type,key_class,is_modifier,session_id,user_id
465310.0945,UpArrow,up,navigation,false,20260308_111815,duong_thanh_mong_s1
timestamp_ms,key_code,event_type,key_class,is_modifier,session_id,user_id
465990.5421,UpArrow,down,navigation,false,20260308_111815,duong_thanh_mong_s1
timestamp_ms,key_code,event_type,key_class,is_modifier,session_id,user_id
466038.11100000003,UpArrow,up,navigation,false,20260308_111815,duong_thanh_mong_s1
timestamp_ms,key_code,event_type,key_class,is_modifier,session_id,user_id
562846.8369,ControlLeft,down,modifier,true,20260308_111815,duong_thanh_mong_s1
timestamp_ms,key_code,event_type,key_class,is_modifier,session_id,user_id
562998.9782,KeyC,down,alpha,false,20260308_111815,duong_thanh_mong_s1
timestamp_ms,key_code,event_type,key_class,is_modifier,session_id,user_id
563086.0489,ControlLeft,up,modifier,true,20260308_111815,duong_thanh_mong_s1
timestamp_ms,key_code,event_type,key_class,is_modifier,session_id,user_id
563086.8781000001,KeyC,up,alpha,false,20260308_111815,duong_thanh_mong_s1
timestamp_ms,key_code,event_type,key_class,is_modifier,session_id,user_id
620023.128,ShiftLeft,down,modifier,true,20260308_111815,duong_thanh_mong_s1
timestamp_ms,key_code,event_type,key_class,is_modifier,session_id,user_id
620206.8021999999,MetaLeft,down,modifier,true,20260308_111815,duong_thanh_mong_s1
timestamp_ms,key_code,event_type,key_class,is_modifier,session_id,user_id
620375.2603000001,KeyS,down,alpha,false,20260308_111815,duong_thanh_mong_s1
timestamp_ms,key_code,event_type,key_class,is_modifier,session_id,user_id
620502.0039,KeyS,up,alpha,false,20260308_111815,duong_thanh_mong_s1
timestamp_ms,key_code,event_type,key_class,is_modifier,session_id,user_id
620518.1059,ShiftLeft,up,modifier,true,20260308_111815,duong_thanh_mong_s1
timestamp_ms,key_code,event_type,key_class,is_modifier,session_id,user_id
620526.0501999999,MetaLeft,up,modifier,true,20260308_111815,duong_thanh_mong_s1
timestamp_ms,key_code,event_type,key_class,is_modifier,session_id,user_id
625214.9849,ControlLeft,down,modifier,true,20260308_111815,duong_thanh_mong_s1
timestamp_ms,key_code,event_type,key_class,is_modifier,session_id,user_id
625358.9621,KeyV,down,alpha,false,20260308_111815,duong_thanh_mong_s1
timestamp_ms,key_code,event_type,key_class,is_modifier,session_id,user_id
625438.1181999999,ControlLeft,up,modifier,true,20260308_111815,duong_thanh_mong_s1
timestamp_ms,key_code,event_type,key_class,is_modifier,session_id,user_id
625438.8988,KeyV,up,alpha,false,20260308_111815,duong_thanh_mong_s1
timestamp_ms,key_code,event_type,key_class,is_modifier,session_id,user_id
626118.9539,KeyS,down,alpha,false,20260308_111815,duong_thanh_mong_s1
timestamp_ms,key_code,event_type,key_class,is_modifier,session_id,user_id
626214.7817,KeyA,down,alpha,false,20260308_111815,duong_thanh_mong_s1
timestamp_ms,key_code,event_type,key_class,is_modifier,session_id,user_id
626246.1375000001,KeyS,up,alpha,false,20260308_111815,duong_thanh_mong_s1
timestamp_ms,key_code,event_type,key_class,is_modifier,session_id,user_id
626326.6301,KeyO,down,alpha,false,20260308_111815,duong_thanh_mong_s1
timestamp_ms,key_code,event_type,key_class,is_modifier,session_id,user_id
626329.2506,KeyP,down,alpha,false,20260308_111815,duong_thanh_mong_s1
timestamp_ms,key_code,event_type,key_class,is_modifier,session_id,user_id
626334.0921,KeyA,up,alpha,false,20260308_111815,duong_thanh_mong_s1
timestamp_ms,key_code,event_type,key_class,is_modifier,session_id,user_id
626342.0514,KeyO,up,alpha,false,20260308_111815,duong_thanh_mong_s1
timestamp_ms,key_code,event_type,key_class,is_modifier,session_id,user_id
626343.5612,KeyP,up,alpha,false,20260308_111815,duong_thanh_mong_s1
timestamp_ms,key_code,event_type,key_class,is_modifier,session_id,user_id
626790.9818000001,Backspace,down,special,false,20260308_111815,duong_thanh_mong_s1
timestamp_ms,key_code,event_type,key_class,is_modifier,session_id,user_id
626846.2667,Backspace,up,special,false,20260308_111815,duong_thanh_mong_s1
timestamp_ms,key_code,event_type,key_class,is_modifier,session_id,user_id
627062.7677999999,Space,down,alpha,false,20260308_111815,duong_thanh_mong_s1
timestamp_ms,key_code,event_type,key_class,is_modifier,session_id,user_id
627118.0593000001,Space,up,alpha,false,20260308_111815,duong_thanh_mong_s1
timestamp_ms,key_code,event_type,key_class,is_modifier,session_id,user_id
627262.8243,KeyN,down,alpha,false,20260308_111815,duong_thanh_mong_s1
timestamp_ms,key_code,event_type,key_class,is_modifier,session_id,user_id
627310.1109000001,KeyN,up,alpha,false,20260308_111815,duong_thanh_mong_s1
timestamp_ms,key_code,event_type,key_class,is_modifier,session_id,user_id
627414.9077,KeyH,down,alpha,false,20260308_111815,duong_thanh_mong_s1
timestamp_ms,key_code,event_type,key_class,is_modifier,session_id,user_id
627478.1937000001,KeyH,up,alpha,false,20260308_111815,duong_thanh_mong_s1
timestamp_ms,key_code,event_type,key_class,is_modifier,session_id,user_id
627574.6593,KeyI,down,alpha,false,20260308_111815,duong_thanh_mong_s1
timestamp_ms,key_code,event_type,key_class,is_modifier,session_id,user_id
627662.2257000001,KeyI,up,alpha,false,20260308_111815,duong_thanh_mong_s1
timestamp_ms,key_code,event_type,key_class,is_modifier,session_id,user_id
627678.7145,KeyE,down,alpha,false,20260308_111815,duong_thanh_mong_s1
timestamp_ms,key_code,event_type,key_class,is_modifier,session_id,user_id
627710.1082,KeyE,up,alpha,false,20260308_111815,duong_thanh_mong_s1
timestamp_ms,key_code,event_type,key_class,is_modifier,session_id,user_id
627798.865,KeyE,down,alpha,false,20260308_111815,duong_thanh_mong_s1
timestamp_ms,key_code,event_type,key_class,is_modifier,session_id,user_id
627846.3319,KeyE,up,alpha,false,20260308_111815,duong_thanh_mong_s1
timestamp_ms,key_code,event_type,key_class,is_modifier,session_id,user_id
627863.0692,KeyU,down,alpha,false,20260308_111815,duong_thanh_mong_s1
timestamp_ms,key_code,event_type,key_class,is_modifier,session_id,user_id
627950.0349999999,KeyU,up,alpha,false,20260308_111815,duong_thanh_mong_s1
timestamp_ms,key_code,event_type,key_class,is_modifier,session_id,user_id
627974.7958000001,KeyF,down,alpha,false,20260308_111815,duong_thanh_mong_s1
timestamp_ms,key_code,event_type,key_class,is_modifier,session_id,user_id
628030.0129,KeyF,up,alpha,false,20260308_111815,duong_thanh_mong_s1
timestamp_ms,key_code,event_type,key_class,is_modifier,session_id,user_id
628046.6276,Space,down,alpha,false,20260308_111815,duong_thanh_mong_s1
timestamp_ms,key_code,event_type,key_class,is_modifier,session_id,user_id
628110.1536,Space,up,alpha,false,20260308_111815,duong_thanh_mong_s1
timestamp_ms,key_code,event_type,key_class,is_modifier,session_id,user_id
628206.5826000001,KeyF,down,alpha,false,20260308_111815,duong_thanh_mong_s1
timestamp_ms,key_code,event_type,key_class,is_modifier,session_id,user_id
628294.2217,KeyF,up,alpha,false,20260308_111815,duong_thanh_mong_s1
timestamp_ms,key_code,event_type,key_class,is_modifier,session_id,user_id
628342.762,KeyI,down,alpha,false,20260308_111815,duong_thanh_mong_s1
timestamp_ms,key_code,event_type,key_class,is_modifier,session_id,user_id
628430.2214,KeyI,up,alpha,false,20260308_111815,duong_thanh_mong_s1
timestamp_ms,key_code,event_type,key_class,is_modifier,session_id,user_id
628526.4493,KeyL,down,alpha,false,20260308_111815,duong_thanh_mong_s1
timestamp_ms,key_code,event_type,key_class,is_modifier,session_id,user_id
628606.1808,KeyL,up,alpha,false,20260308_111815,duong_thanh_mong_s1
timestamp_ms,key_code,event_type,key_class,is_modifier,session_id,user_id
628622.6251000001,KeyE,down,alpha,false,20260308_111815,duong_thanh_mong_s1
timestamp_ms,key_code,event_type,key_class,is_modifier,session_id,user_id
628694.0713000001,KeyE,up,alpha,false,20260308_111815,duong_thanh_mong_s1
timestamp_ms,key_code,event_type,key_class,is_modifier,session_id,user_id
628782.7862000001,Space,down,alpha,false,20260308_111815,duong_thanh_mong_s1
timestamp_ms,key_code,event_type,key_class,is_modifier,session_id,user_id
628838.2093999999,Space,up,alpha,false,20260308_111815,duong_thanh_mong_s1
timestamp_ms,key_code,event_type,key_class,is_modifier,session_id,user_id
628950.5017,KeyQ,down,alpha,false,20260308_111815,duong_thanh_mong_s1
timestamp_ms,key_code,event_type,key_class,is_modifier,session_id,user_id
629054.2189,KeyQ,up,alpha,false,20260308_111815,duong_thanh_mong_s1
timestamp_ms,key_code,event_type,key_class,is_modifier,session_id,user_id
629078.7676,KeyU,down,alpha,false,20260308_111815,duong_thanh_mong_s1
timestamp_ms,key_code,event_type,key_class,is_modifier,session_id,user_id
629166.1876,KeyU,up,alpha,false,20260308_111815,duong_thanh_mong_s1
timestamp_ms,key_code,event_type,key_class,is_modifier,session_id,user_id
629168.6645,KeyA,down,alpha,false,20260308_111815,duong_thanh_mong_s1
timestamp_ms,key_code,event_type,key_class,is_modifier,session_id,user_id
629262.6431,KeyS,down,alpha,false,20260308_111815,duong_thanh_mong_s1
timestamp_ms,key_code,event_type,key_class,is_modifier,session_id,user_id
629310.1046000001,KeyA,up,alpha,false,20260308_111815,duong_thanh_mong_s1
timestamp_ms,key_code,event_type,key_class,is_modifier,session_id,user_id
629350.6172,Space,down,alpha,false,20260308_111815,duong_thanh_mong_s1
timestamp_ms,key_code,event_type,key_class,is_modifier,session_id,user_id
629374.0152,KeyS,up,alpha,false,20260308_111815,duong_thanh_mong_s1
timestamp_ms,key_code,event_type,key_class,is_modifier,session_id,user_id
629422.0206,Space,up,alpha,false,20260308_111815,duong_thanh_mong_s1
timestamp_ms,key_code,event_type,key_class,is_modifier,session_id,user_id
629510.5634,KeyC,down,alpha,false,20260308_111815,duong_thanh_mong_s1
timestamp_ms,key_code,event_type,key_class,is_modifier,session_id,user_id
629598.0608999999,KeyC,up,alpha,false,20260308_111815,duong_thanh_mong_s1
timestamp_ms,key_code,event_type,key_class,is_modifier,session_id,user_id
629638.6921,KeyO,down,alpha,false,20260308_111815,duong_thanh_mong_s1
timestamp_ms,key_code,event_type,key_class,is_modifier,session_id,user_id
629646.7096000001,KeyS,down,alpha,false,20260308_111815,duong_thanh_mong_s1
timestamp_ms,key_code,event_type,key_class,is_modifier,session_id,user_id
629718.141,KeyO,up,alpha,false,20260308_111815,duong_thanh_mong_s1
timestamp_ms,key_code,event_type,key_class,is_modifier,session_id,user_id
629766.1011,KeyS,up,alpha,false,20260308_111815,duong_thanh_mong_s1
timestamp_ms,key_code,event_type,key_class,is_modifier,session_id,user_id
629790.554,Space,down,alpha,false,20260308_111815,duong_thanh_mong_s1
timestamp_ms,key_code,event_type,key_class,is_modifier,session_id,user_id
629846.0829,Space,up,alpha,false,20260308_111815,duong_thanh_mong_s1
timestamp_ms,key_code,event_type,key_class,is_modifier,session_id,user_id
629870.5804999999,KeyC,down,alpha,false,20260308_111815,duong_thanh_mong_s1
timestamp_ms,key_code,event_type,key_class,is_modifier,session_id,user_id
629990.1605,KeyC,up,alpha,false,20260308_111815,duong_thanh_mong_s1
timestamp_ms,key_code,event_type,key_class,is_modifier,session_id,user_id
629992.4858,KeyA,down,alpha,false,20260308_111815,duong_thanh_mong_s1
timestamp_ms,key_code,event_type,key_class,is_modifier,session_id,user_id
630134.8792,KeyC,down,alpha,false,20260308_111815,duong_thanh_mong_s1
timestamp_ms,key_code,event_type,key_class,is_modifier,session_id,user_id
630158.7111,KeyS,down,alpha,false,20260308_111815,duong_thanh_mong_s1
timestamp_ms,key_code,event_type,key_class,is_modifier,session_id,user_id
630182.0889000001,KeyA,up,alpha,false,20260308_111815,duong_thanh_mong_s1
timestamp_ms,key_code,event_type,key_class,is_modifier,session_id,user_id
630245.9982,KeyC,up,alpha,false,20260308_111815,duong_thanh_mong_s1
timestamp_ms,key_code,event_type,key_class,is_modifier,session_id,user_id
630270.7762,KeyH,down,alpha,false,20260308_111815,duong_thanh_mong_s1
timestamp_ms,key_code,event_type,key_class,is_modifier,session_id,user_id
630302.1982,KeyS,up,alpha,false,20260308_111815,duong_thanh_mong_s1
timestamp_ms,key_code,event_type,key_class,is_modifier,session_id,user_id
630358.0202,KeyH,up,alpha,false,20260308_111815,duong_thanh_mong_s1
timestamp_ms,key_code,event_type,key_class,is_modifier,session_id,user_id
630382.7416000001,Space,down,alpha,false,20260308_111815,duong_thanh_mong_s1
timestamp_ms,key_code,event_type,key_class,is_modifier,session_id,user_id
630446.0057999999,Space,up,alpha,false,20260308_111815,duong_thanh_mong_s1
timestamp_ms,key_code,event_type,key_class,is_modifier,session_id,user_id
630494.6866,KeyN,down,alpha,false,20260308_111815,duong_thanh_mong_s1
timestamp_ms,key_code,event_type,key_class,is_modifier,session_id,user_id
630566.1379,KeyN,up,alpha,false,20260308_111815,duong_thanh_mong_s1
timestamp_ms,key_code,event_type,key_class,is_modifier,session_id,user_id
630614.7994,KeyA,down,alpha,false,20260308_111815,duong_thanh_mong_s1
timestamp_ms,key_code,event_type,key_class,is_modifier,session_id,user_id
630695.2880000001,KeyO,down,alpha,false,20260308_111815,duong_thanh_mong_s1
timestamp_ms,key_code,event_type,key_class,is_modifier,session_id,user_id
630717.9889,KeyA,up,alpha,false,20260308_111815,duong_thanh_mong_s1
timestamp_ms,key_code,event_type,key_class,is_modifier,session_id,user_id
630734.8071,KeyF,down,alpha,false,20260308_111815,duong_thanh_mong_s1
timestamp_ms,key_code,event_type,key_class,is_modifier,session_id,user_id
630782.1041,KeyO,up,alpha,false,20260308_111815,duong_thanh_mong_s1
timestamp_ms,key_code,event_type,key_class,is_modifier,session_id,user_id
630822.0191,KeyF,up,alpha,false,20260308_111815,duong_thanh_mong_s1
timestamp_ms,key_code,event_type,key_class,is_modifier,session_id,user_id
630823.5945,Space,down,alpha,false,20260308_111815,duong_thanh_mong_s1
timestamp_ms,key_code,event_type,key_class,is_modifier,session_id,user_id
630902.2061,Space,up,alpha,false,20260308_111815,duong_thanh_mong_s1
timestamp_ms,key_code,event_type,key_class,is_modifier,session_id,user_id
631070.7313,KeyT,down,alpha,false,20260308_111815,duong_thanh_mong_s1
timestamp_ms,key_code,event_type,key_class,is_modifier,session_id,user_id
631126.1148999999,KeyT,up,alpha,false,20260308_111815,duong_thanh_mong_s1
timestamp_ms,key_code,event_type,key_class,is_modifier,session_id,user_id
631142.6986,KeyO,down,alpha,false,20260308_111815,duong_thanh_mong_s1
timestamp_ms,key_code,event_type,key_class,is_modifier,session_id,user_id
631206.5744,KeyM,down,alpha,false,20260308_111815,duong_thanh_mong_s1
timestamp_ms,key_code,event_type,key_class,is_modifier,session_id,user_id
631246.1403,KeyO,up,alpha,false,20260308_111815,duong_thanh_mong_s1
timestamp_ms,key_code,event_type,key_class,is_modifier,session_id,user_id
631310.1263,KeyM,up,alpha,false,20260308_111815,duong_thanh_mong_s1
timestamp_ms,key_code,event_type,key_class,is_modifier,session_id,user_id
631343.0659,KeyS,down,alpha,false,20260308_111815,duong_thanh_mong_s1
timestamp_ms,key_code,event_type,key_class,is_modifier,session_id,user_id
631422.1542999999,KeyS,up,alpha,false,20260308_111815,duong_thanh_mong_s1
timestamp_ms,key_code,event_type,key_class,is_modifier,session_id,user_id
631478.8569,Space,down,alpha,false,20260308_111815,duong_thanh_mong_s1
timestamp_ms,key_code,event_type,key_class,is_modifier,session_id,user_id
631534.1537,Space,up,alpha,false,20260308_111815,duong_thanh_mong_s1
timestamp_ms,key_code,event_type,key_class,is_modifier,session_id,user_id
632078.7628,KeyL,down,alpha,false,20260308_111815,duong_thanh_mong_s1
timestamp_ms,key_code,event_type,key_class,is_modifier,session_id,user_id
632150.915,KeyA,down,alpha,false,20260308_111815,duong_thanh_mong_s1
timestamp_ms,key_code,event_type,key_class,is_modifier,session_id,user_id
632158.1508000001,KeyL,up,alpha,false,20260308_111815,duong_thanh_mong_s1
timestamp_ms,key_code,event_type,key_class,is_modifier,session_id,user_id
632230.2285,KeyA,up,alpha,false,20260308_111815,duong_thanh_mong_s1
timestamp_ms,key_code,event_type,key_class,is_modifier,session_id,user_id
632287.1015,KeyI,down,alpha,false,20260308_111815,duong_thanh_mong_s1
timestamp_ms,key_code,event_type,key_class,is_modifier,session_id,user_id
632374.1810999999,KeyI,up,alpha,false,20260308_111815,duong_thanh_mong_s1
timestamp_ms,key_code,event_type,key_class,is_modifier,session_id,user_id
632479.5947,KeyJ,down,alpha,false,20260308_111815,duong_thanh_mong_s1
timestamp_ms,key_code,event_type,key_class,is_modifier,session_id,user_id
632574.1415,KeyJ,up,alpha,false,20260308_111815,duong_thanh_mong_s1
timestamp_ms,key_code,event_type,key_class,is_modifier,session_id,user_id
632622.7951,Space,down,alpha,false,20260308_111815,duong_thanh_mong_s1
timestamp_ms,key_code,event_type,key_class,is_modifier,session_id,user_id
632694.2268000001,Space,up,alpha,false,20260308_111815,duong_thanh_mong_s1
timestamp_ms,key_code,event_type,key_class,is_modifier,session_id,user_id
634782.8254999999,Backspace,down,special,false,20260308_111815,duong_thanh_mong_s1
timestamp_ms,key_code,event_type,key_class,is_modifier,session_id,user_id
634846.1784,Backspace,up,special,false,20260308_111815,duong_thanh_mong_s1
timestamp_ms,key_code,event_type,key_class,is_modifier,session_id,user_id
634942.9609,Backspace,down,special,false,20260308_111815,duong_thanh_mong_s1
timestamp_ms,key_code,event_type,key_class,is_modifier,session_id,user_id
635006.1712,Backspace,up,special,false,20260308_111815,duong_thanh_mong_s1
timestamp_ms,key_code,event_type,key_class,is_modifier,session_id,user_id
635102.823,Backspace,down,special,false,20260308_111815,duong_thanh_mong_s1
timestamp_ms,key_code,event_type,key_class,is_modifier,session_id,user_id
635142.2472000001,Backspace,up,special,false,20260308_111815,duong_thanh_mong_s1
timestamp_ms,key_code,event_type,key_class,is_modifier,session_id,user_id
635238.7753000001,Backspace,down,special,false,20260308_111815,duong_thanh_mong_s1
timestamp_ms,key_code,event_type,key_class,is_modifier,session_id,user_id
635278.1719,Backspace,up,special,false,20260308_111815,duong_thanh_mong_s1
timestamp_ms,key_code,event_type,key_class,is_modifier,session_id,user_id
635518.9335,KeyG,down,alpha,false,20260308_111815,duong_thanh_mong_s1
timestamp_ms,key_code,event_type,key_class,is_modifier,session_id,user_id
635582.7918,KeyO,down,alpha,false,20260308_111815,duong_thanh_mong_s1
timestamp_ms,key_code,event_type,key_class,is_modifier,session_id,user_id
635589.9672000001,KeyG,up,alpha,false,20260308_111815,duong_thanh_mong_s1
timestamp_ms,key_code,event_type,key_class,is_modifier,session_id,user_id
635662.9131,KeyN,down,alpha,false,20260308_111815,duong_thanh_mong_s1
timestamp_ms,key_code,event_type,key_class,is_modifier,session_id,user_id
635678.0389,KeyO,up,alpha,false,20260308_111815,duong_thanh_mong_s1
timestamp_ms,key_code,event_type,key_class,is_modifier,session_id,user_id
635734.1552,KeyN,up,alpha,false,20260308_111815,duong_thanh_mong_s1
timestamp_ms,key_code,event_type,key_class,is_modifier,session_id,user_id
635830.7892,KeyJ,down,alpha,false,20260308_111815,duong_thanh_mong_s1
timestamp_ms,key_code,event_type,key_class,is_modifier,session_id,user_id
635950.1782999999,KeyJ,up,alpha,false,20260308_111815,duong_thanh_mong_s1
timestamp_ms,key_code,event_type,key_class,is_modifier,session_id,user_id
635990.7274,Space,down,alpha,false,20260308_111815,duong_thanh_mong_s1
timestamp_ms,key_code,event_type,key_class,is_modifier,session_id,user_id
636030.2541,Space,up,alpha,false,20260308_111815,duong_thanh_mong_s1
timestamp_ms,key_code,event_type,key_class,is_modifier,session_id,user_id
636142.774,KeyL,down,alpha,false,20260308_111815,duong_thanh_mong_s1
timestamp_ms,key_code,event_type,key_class,is_modifier,session_id,user_id
636214.1342,KeyL,up,alpha,false,20260308_111815,duong_thanh_mong_s1
timestamp_ms,key_code,event_type,key_class,is_modifier,session_id,user_id
636230.7203,KeyA,down,alpha,false,20260308_111815,duong_thanh_mong_s1
timestamp_ms,key_code,event_type,key_class,is_modifier,session_id,user_id
636318.2243,KeyA,up,alpha,false,20260308_111815,duong_thanh_mong_s1
timestamp_ms,key_code,event_type,key_class,is_modifier,session_id,user_id
636334.7753000001,KeyI,down,alpha,false,20260308_111815,duong_thanh_mong_s1
timestamp_ms,key_code,event_type,key_class,is_modifier,session_id,user_id
636414.2718000001,KeyI,up,alpha,false,20260308_111815,duong_thanh_mong_s1
timestamp_ms,key_code,event_type,key_class,is_modifier,session_id,user_id
636510.8802,KeyJ,down,alpha,false,20260308_111815,duong_thanh_mong_s1
timestamp_ms,key_code,event_type,key_class,is_modifier,session_id,user_id
636614.2502,KeyJ,up,alpha,false,20260308_111815,duong_thanh_mong_s1
timestamp_ms,key_code,event_type,key_class,is_modifier,session_id,user_id
636654.8401,Space,down,alpha,false,20260308_111815,duong_thanh_mong_s1
timestamp_ms,key_code,event_type,key_class,is_modifier,session_id,user_id
636742.1705,Space,up,alpha,false,20260308_111815,duong_thanh_mong_s1
timestamp_ms,key_code,event_type,key_class,is_modifier,session_id,user_id
636791.0272,KeyK,down,alpha,false,20260308_111815,duong_thanh_mong_s1
timestamp_ms,key_code,event_type,key_class,is_modifier,session_id,user_id
636878.1882,KeyK,up,alpha,false,20260308_111815,duong_thanh_mong_s1
timestamp_ms,key_code,event_type,key_class,is_modifier,session_id,user_id
636934.6989,KeyH,down,alpha,false,20260308_111815,duong_thanh_mong_s1
timestamp_ms,key_code,event_type,key_class,is_modifier,session_id,user_id
636990.7235,KeyO,down,alpha,false,20260308_111815,duong_thanh_mong_s1
timestamp_ms,key_code,event_type,key_class,is_modifier,session_id,user_id
637006.1006,KeyH,up,alpha,false,20260308_111815,duong_thanh_mong_s1
timestamp_ms,key_code,event_type,key_class,is_modifier,session_id,user_id
637062.0351999999,KeyO,up,alpha,false,20260308_111815,duong_thanh_mong_s1
timestamp_ms,key_code,event_type,key_class,is_modifier,session_id,user_id
637158.5957,KeyO,down,alpha,false,20260308_111815,duong_thanh_mong_s1
timestamp_ms,key_code,event_type,key_class,is_modifier,session_id,user_id
637182.4406,KeyN,down,alpha,false,20260308_111815,duong_thanh_mong_s1
timestamp_ms,key_code,event_type,key_class,is_modifier,session_id,user_id
637190.0123000001,KeyO,up,alpha,false,20260308_111815,duong_thanh_mong_s1
timestamp_ms,key_code,event_type,key_class,is_modifier,session_id,user_id
637285.9889,KeyN,up,alpha,false,20260308_111815,duong_thanh_mong_s1
timestamp_ms,key_code,event_type,key_class,is_modifier,session_id,user_id
637287.3486,KeyG,down,alpha,false,20260308_111815,duong_thanh_mong_s1
timestamp_ms,key_code,event_type,key_class,is_modifier,session_id,user_id
637358.0258,KeyG,up,alpha,false,20260308_111815,duong_thanh_mong_s1
timestamp_ms,key_code,event_type,key_class,is_modifier,session_id,user_id
637678.6547000001,Space,down,alpha,false,20260308_111815,duong_thanh_mong_s1
timestamp_ms,key_code,event_type,key_class,is_modifier,session_id,user_id
637749.9765,Space,up,alpha,false,20260308_111815,duong_thanh_mong_s1
timestamp_ms,key_code,event_type,key_class,is_modifier,session_id,user_id
637934.8184,KeyF,down,alpha,false,20260308_111815,duong_thanh_mong_s1
timestamp_ms,key_code,event_type,key_class,is_modifier,session_id,user_id
637950.1268,KeyF,up,alpha,false,20260308_111815,duong_thanh_mong_s1
timestamp_ms,key_code,event_type,key_class,is_modifier,session_id,user_id
638086.7633,KeyD,down,alpha,false,20260308_111815,duong_thanh_mong_s1
timestamp_ms,key_code,event_type,key_class,is_modifier,session_id,user_id
638174.235,KeyD,up,alpha,false,20260308_111815,duong_thanh_mong_s1
timestamp_ms,key_code,event_type,key_class,is_modifier,session_id,user_id
638318.9541000001,Backspace,down,special,false,20260308_111815,duong_thanh_mong_s1
timestamp_ms,key_code,event_type,key_class,is_modifier,session_id,user_id
638374.571,Backspace,up,special,false,20260308_111815,duong_thanh_mong_s1
timestamp_ms,key_code,event_type,key_class,is_modifier,session_id,user_id
638454.892,Backspace,down,special,false,20260308_111815,duong_thanh_mong_s1
timestamp_ms,key_code,event_type,key_class,is_modifier,session_id,user_id
638502.1899,Backspace,up,special,false,20260308_111815,duong_thanh_mong_s1
timestamp_ms,key_code,event_type,key_class,is_modifier,session_id,user_id
638526.7381999999,KeyD,down,alpha,false,20260308_111815,duong_thanh_mong_s1
timestamp_ms,key_code,event_type,key_class,is_modifier,session_id,user_id
638582.2075,KeyD,up,alpha,false,20260308_111815,duong_thanh_mong_s1
timestamp_ms,key_code,event_type,key_class,is_modifier,session_id,user_id
638687.6535,KeyD,down,alpha,false,20260308_111815,duong_thanh_mong_s1
timestamp_ms,key_code,event_type,key_class,is_modifier,session_id,user_id
638757.9964000001,KeyD,up,alpha,false,20260308_111815,duong_thanh_mong_s1
timestamp_ms,key_code,event_type,key_class,is_modifier,session_id,user_id
639038.8197,KeyE,down,alpha,false,20260308_111815,duong_thanh_mong_s1
timestamp_ms,key_code,event_type,key_class,is_modifier,session_id,user_id
639094.3696000001,KeyE,up,alpha,false,20260308_111815,duong_thanh_mong_s1
timestamp_ms,key_code,event_type,key_class,is_modifier,session_id,user_id
639206.7864000001,KeyE,down,alpha,false,20260308_111815,duong_thanh_mong_s1
timestamp_ms,key_code,event_type,key_class,is_modifier,session_id,user_id
639286.1385,KeyE,up,alpha,false,20260308_111815,duong_thanh_mong_s1
timestamp_ms,key_code,event_type,key_class,is_modifier,session_id,user_id
639311.4477,KeyR,down,alpha,false,20260308_111815,duong_thanh_mong_s1
timestamp_ms,key_code,event_type,key_class,is_modifier,session_id,user_id
639390.141,KeyR,up,alpha,false,20260308_111815,duong_thanh_mong_s1
timestamp_ms,key_code,event_type,key_class,is_modifier,session_id,user_id
639406.6161,Space,down,alpha,false,20260308_111815,duong_thanh_mong_s1
timestamp_ms,key_code,event_type,key_class,is_modifier,session_id,user_id
639486.0433,Space,up,alpha,false,20260308_111815,duong_thanh_mong_s1
timestamp_ms,key_code,event_type,key_class,is_modifier,session_id,user_id
639527.1592999999,KeyG,down,alpha,false,20260308_111815,duong_thanh_mong_s1
timestamp_ms,key_code,event_type,key_class,is_modifier,session_id,user_id
639590.1089,KeyG,up,alpha,false,20260308_111815,duong_thanh_mong_s1
timestamp_ms,key_code,event_type,key_class,is_modifier,session_id,user_id
639639.8921,KeyU,down,alpha,false,20260308_111815,duong_thanh_mong_s1
timestamp_ms,key_code,event_type,key_class,is_modifier,session_id,user_id
639702.4345999999,KeyU,up,alpha,false,20260308_111815,duong_thanh_mong_s1
timestamp_ms,key_code,event_type,key_class,is_modifier,session_id,user_id
639798.6485,KeyI,down,alpha,false,20260308_111815,duong_thanh_mong_s1
timestamp_ms,key_code,event_type,key_class,is_modifier,session_id,user_id
639879.0319,KeyW,down,alpha,false,20260308_111815,duong_thanh_mong_s1
timestamp_ms,key_code,event_type,key_class,is_modifier,session_id,user_id
639902.0519,KeyI,up,alpha,false,20260308_111815,duong_thanh_mong_s1
timestamp_ms,key_code,event_type,key_class,is_modifier,session_id,user_id
639974.0849,KeyW,up,alpha,false,20260308_111815,duong_thanh_mong_s1
timestamp_ms,key_code,event_type,key_class,is_modifier,session_id,user_id
639982.8076000001,KeyR,down,alpha,false,20260308_111815,duong_thanh_mong_s1
timestamp_ms,key_code,event_type,key_class,is_modifier,session_id,user_id
640054.0618,KeyR,up,alpha,false,20260308_111815,duong_thanh_mong_s1
timestamp_ms,key_code,event_type,key_class,is_modifier,session_id,user_id
640079.1742,Space,down,alpha,false,20260308_111815,duong_thanh_mong_s1
timestamp_ms,key_code,event_type,key_class,is_modifier,session_id,user_id
640142.0621,Space,up,alpha,false,20260308_111815,duong_thanh_mong_s1
timestamp_ms,key_code,event_type,key_class,is_modifier,session_id,user_id
640207.239,KeyD,down,alpha,false,20260308_111815,duong_thanh_mong_s1
timestamp_ms,key_code,event_type,key_class,is_modifier,session_id,user_id
640262.0260999999,KeyD,up,alpha,false,20260308_111815,duong_thanh_mong_s1
timestamp_ms,key_code,event_type,key_class,is_modifier,session_id,user_id
640350.6448,KeyI,down,alpha,false,20260308_111815,duong_thanh_mong_s1
timestamp_ms,key_code,event_type,key_class,is_modifier,session_id,user_id
640353.4185,KeyD,down,alpha,false,20260308_111815,duong_thanh_mong_s1
timestamp_ms,key_code,event_type,key_class,is_modifier,session_id,user_id
640390.2071,KeyD,up,alpha,false,20260308_111815,duong_thanh_mong_s1
timestamp_ms,key_code,event_type,key_class,is_modifier,session_id,user_id
640422.0001,KeyI,up,alpha,false,20260308_111815,duong_thanh_mong_s1
timestamp_ms,key_code,event_type,key_class,is_modifier,session_id,user_id
640558.9048,Return,down,special,false,20260308_111815,duong_thanh_mong_s1
timestamp_ms,key_code,event_type,key_class,is_modifier,session_id,user_id
640598.1137,Return,up,special,false,20260308_111815,duong_thanh_mong_s1
timestamp_ms,key_code,event_type,key_class,is_modifier,session_id,user_id
829167.3038999999,ControlLeft,down,modifier,true,20260308_111815,duong_thanh_mong_s1
timestamp_ms,key_code,event_type,key_class,is_modifier,session_id,user_id
829318.7714,KeyC,down,alpha,false,20260308_111815,duong_thanh_mong_s1
timestamp_ms,key_code,event_type,key_class,is_modifier,session_id,user_id
829382.1640999999,ControlLeft,up,modifier,true,20260308_111815,duong_thanh_mong_s1
timestamp_ms,key_code,event_type,key_class,is_modifier,session_id,user_id
829398.0964,KeyC,up,alpha,false,20260308_111815,duong_thanh_mong_s1
timestamp_ms,key_code,event_type,key_class,is_modifier,session_id,user_id
830710.5786,KeyT,down,alpha,false,20260308_111815,duong_thanh_mong_s1
timestamp_ms,key_code,event_type,key_class,is_modifier,session_id,user_id
830774.183,KeyT,up,alpha,false,20260308_111815,duong_thanh_mong_s1
timestamp_ms,key_code,event_type,key_class,is_modifier,session_id,user_id
830822.7193,KeyO,down,alpha,false,20260308_111815,duong_thanh_mong_s1
timestamp_ms,key_code,event_type,key_class,is_modifier,session_id,user_id
830878.1503999999,KeyO,up,alpha,false,20260308_111815,duong_thanh_mong_s1
timestamp_ms,key_code,event_type,key_class,is_modifier,session_id,user_id
830951.0135,KeyO,down,alpha,false,20260308_111815,duong_thanh_mong_s1
timestamp_ms,key_code,event_type,key_class,is_modifier,session_id,user_id
831006.2076000001,KeyO,up,alpha,false,20260308_111815,duong_thanh_mong_s1
timestamp_ms,key_code,event_type,key_class,is_modifier,session_id,user_id
831102.489,KeyI,down,alpha,false,20260308_111815,duong_thanh_mong_s1
timestamp_ms,key_code,event_type,key_class,is_modifier,session_id,user_id
831198.7593,Space,down,alpha,false,20260308_111815,duong_thanh_mong_s1
timestamp_ms,key_code,event_type,key_class,is_modifier,session_id,user_id
831206.3640000001,KeyI,up,alpha,false,20260308_111815,duong_thanh_mong_s1
timestamp_ms,key_code,event_type,key_class,is_modifier,session_id,user_id
831270.1986,Space,up,alpha,false,20260308_111815,duong_thanh_mong_s1
timestamp_ms,key_code,event_type,key_class,is_modifier,session_id,user_id
831326.732,KeyC,down,alpha,false,20260308_111815,duong_thanh_mong_s1
timestamp_ms,key_code,event_type,key_class,is_modifier,session_id,user_id
831374.1694,KeyC,up,alpha,false,20260308_111815,duong_thanh_mong_s1
timestamp_ms,key_code,event_type,key_class,is_modifier,session_id,user_id
831390.5337,KeyH,down,alpha,false,20260308_111815,duong_thanh_mong_s1
timestamp_ms,key_code,event_type,key_class,is_modifier,session_id,user_id
831446.2676,KeyH,up,alpha,false,20260308_111815,duong_thanh_mong_s1
timestamp_ms,key_code,event_type,key_class,is_modifier,session_id,user_id
831550.6979,KeyI,down,alpha,false,20260308_111815,duong_thanh_mong_s1
timestamp_ms,key_code,event_type,key_class,is_modifier,session_id,user_id
831638.2784,KeyI,up,alpha,false,20260308_111815,duong_thanh_mong_s1
timestamp_ms,key_code,event_type,key_class,is_modifier,session_id,user_id
831646.7353000001,KeyR,down,alpha,false,20260308_111815,duong_thanh_mong_s1
timestamp_ms,key_code,event_type,key_class,is_modifier,session_id,user_id
831662.1394999999,KeyR,up,alpha,false,20260308_111815,duong_thanh_mong_s1
timestamp_ms,key_code,event_type,key_class,is_modifier,session_id,user_id
831695.0597,Space,down,alpha,false,20260308_111815,duong_thanh_mong_s1
timestamp_ms,key_code,event_type,key_class,is_modifier,session_id,user_id
831766.1919,Space,up,alpha,false,20260308_111815,duong_thanh_mong_s1
timestamp_ms,key_code,event_type,key_class,is_modifier,session_id,user_id
832430.9802,KeyC,down,alpha,false,20260308_111815,duong_thanh_mong_s1
timestamp_ms,key_code,event_type,key_class,is_modifier,session_id,user_id
832542.1333000001,KeyC,up,alpha,false,20260308_111815,duong_thanh_mong_s1
timestamp_ms,key_code,event_type,key_class,is_modifier,session_id,user_id
832622.7517,KeyA,down,alpha,false,20260308_111815,duong_thanh_mong_s1
timestamp_ms,key_code,event_type,key_class,is_modifier,session_id,user_id
832710.0589000001,KeyA,up,alpha,false,20260308_111815,duong_thanh_mong_s1
timestamp_ms,key_code,event_type,key_class,is_modifier,session_id,user_id
832799.6492,KeyA,down,alpha,false,20260308_111815,duong_thanh_mong_s1
timestamp_ms,key_code,event_type,key_class,is_modifier,session_id,user_id
832886.2555,KeyA,up,alpha,false,20260308_111815,duong_thanh_mong_s1
timestamp_ms,key_code,event_type,key_class,is_modifier,session_id,user_id
832910.6575,KeyN,down,alpha,false,20260308_111815,duong_thanh_mong_s1
timestamp_ms,key_code,event_type,key_class,is_modifier,session_id,user_id
832982.2569,KeyN,up,alpha,false,20260308_111815,duong_thanh_mong_s1
timestamp_ms,key_code,event_type,key_class,is_modifier,session_id,user_id
833006.6761,KeyF,down,alpha,false,20260308_111815,duong_thanh_mong_s1
timestamp_ms,key_code,event_type,key_class,is_modifier,session_id,user_id
833062.1562,KeyF,up,alpha,false,20260308_111815,duong_thanh_mong_s1
timestamp_ms,key_code,event_type,key_class,is_modifier,session_id,user_id
833070.6719,Space,down,alpha,false,20260308_111815,duong_thanh_mong_s1
timestamp_ms,key_code,event_type,key_class,is_modifier,session_id,user_id
833126.2391,Space,up,alpha,false,20260308_111815,duong_thanh_mong_s1
timestamp_ms,key_code,event_type,key_class,is_modifier,session_id,user_id
833254.7049,KeyB,down,alpha,false,20260308_111815,duong_thanh_mong_s1
timestamp_ms,key_code,event_type,key_class,is_modifier,session_id,user_id
833334.8031,KeyA,down,alpha,false,20260308_111815,duong_thanh_mong_s1
timestamp_ms,key_code,event_type,key_class,is_modifier,session_id,user_id
833342.1473,KeyB,up,alpha,false,20260308_111815,duong_thanh_mong_s1
timestamp_ms,key_code,event_type,key_class,is_modifier,session_id,user_id
833414.2485,KeyA,up,alpha,false,20260308_111815,duong_thanh_mong_s1
timestamp_ms,key_code,event_type,key_class,is_modifier,session_id,user_id
833462.4907999999,KeyN,down,alpha,false,20260308_111815,duong_thanh_mong_s1
timestamp_ms,key_code,event_type,key_class,is_modifier,session_id,user_id
833502.1217,KeyN,up,alpha,false,20260308_111815,duong_thanh_mong_s1
timestamp_ms,key_code,event_type,key_class,is_modifier,session_id,user_id
833622.7959,KeyJ,down,alpha,false,20260308_111815,duong_thanh_mong_s1
timestamp_ms,key_code,event_type,key_class,is_modifier,session_id,user_id
833678.9602,Space,down,alpha,false,20260308_111815,duong_thanh_mong_s1
timestamp_ms,key_code,event_type,key_class,is_modifier,session_id,user_id
833686.9152,KeyJ,up,alpha,false,20260308_111815,duong_thanh_mong_s1
timestamp_ms,key_code,event_type,key_class,is_modifier,session_id,user_id
833750.0669,Space,up,alpha,false,20260308_111815,duong_thanh_mong_s1
timestamp_ms,key_code,event_type,key_class,is_modifier,session_id,user_id
845494.9432,ControlLeft,down,modifier,true,20260308_111815,duong_thanh_mong_s1
timestamp_ms,key_code,event_type,key_class,is_modifier,session_id,user_id
845599.6340000001,KeyV,down,alpha,false,20260308_111815,duong_thanh_mong_s1
timestamp_ms,key_code,event_type,key_class,is_modifier,session_id,user_id
845670.0828000001,KeyV,up,alpha,false,20260308_111815,duong_thanh_mong_s1
timestamp_ms,key_code,event_type,key_class,is_modifier,session_id,user_id
845726.1063,ControlLeft,up,modifier,true,20260308_111815,duong_thanh_mong_s1
timestamp_ms,key_code,event_type,key_class,is_modifier,session_id,user_id
849198.5796,Space,down,alpha,false,20260308_111815,duong_thanh_mong_s1
timestamp_ms,key_code,event_type,key_class,is_modifier,session_id,user_id
849286.1725999999,Space,up,alpha,false,20260308_111815,duong_thanh_mong_s1
timestamp_ms,key_code,event_type,key_class,is_modifier,session_id,user_id
849454.7813,KeyX,down,alpha,false,20260308_111815,duong_thanh_mong_s1
timestamp_ms,key_code,event_type,key_class,is_modifier,session_id,user_id
849518.2042,KeyX,up,alpha,false,20260308_111815,duong_thanh_mong_s1
timestamp_ms,key_code,event_type,key_class,is_modifier,session_id,user_id
849615.0231999999,KeyU,down,alpha,false,20260308_111815,duong_thanh_mong_s1
timestamp_ms,key_code,event_type,key_class,is_modifier,session_id,user_id
849694.5464,KeyU,up,alpha,false,20260308_111815,duong_thanh_mong_s1
timestamp_ms,key_code,event_type,key_class,is_modifier,session_id,user_id
849727.0095,KeyW,down,alpha,false,20260308_111815,duong_thanh_mong_s1
timestamp_ms,key_code,event_type,key_class,is_modifier,session_id,user_id
849838.1658,KeyW,up,alpha,false,20260308_111815,duong_thanh_mong_s1
timestamp_ms,key_code,event_type,key_class,is_modifier,session_id,user_id
849862.6328,KeyR,down,alpha,false,20260308_111815,duong_thanh_mong_s1
timestamp_ms,key_code,event_type,key_class,is_modifier,session_id,user_id
849926.8443,Space,down,alpha,false,20260308_111815,duong_thanh_mong_s1
timestamp_ms,key_code,event_type,key_class,is_modifier,session_id,user_id
849934.4648,KeyR,up,alpha,false,20260308_111815,duong_thanh_mong_s1
timestamp_ms,key_code,event_type,key_class,is_modifier,session_id,user_id
849982.1235,Space,up,alpha,false,20260308_111815,duong_thanh_mong_s1
timestamp_ms,key_code,event_type,key_class,is_modifier,session_id,user_id
850086.589,KeyL,down,alpha,false,20260308_111815,duong_thanh_mong_s1
timestamp_ms,key_code,event_type,key_class,is_modifier,session_id,user_id
850142.1669,KeyL,up,alpha,false,20260308_111815,duong_thanh_mong_s1
timestamp_ms,key_code,event_type,key_class,is_modifier,session_id,user_id
850270.6844,KeyI,down,alpha,false,20260308_111815,duong_thanh_mong_s1
timestamp_ms,key_code,event_type,key_class,is_modifier,session_id,user_id
850342.0699,KeyI,up,alpha,false,20260308_111815,duong_thanh_mong_s1
timestamp_ms,key_code,event_type,key_class,is_modifier,session_id,user_id
850350.6565,KeyS,down,alpha,false,20260308_111815,duong_thanh_mong_s1
timestamp_ms,key_code,event_type,key_class,is_modifier,session_id,user_id
850414.0665999999,KeyS,up,alpha,false,20260308_111815,duong_thanh_mong_s1
timestamp_ms,key_code,event_type,key_class,is_modifier,session_id,user_id
861182.5164000001,DownArrow,down,navigation,false,20260308_111815,duong_thanh_mong_s1
timestamp_ms,key_code,event_type,key_class,is_modifier,session_id,user_id
861278.2062,DownArrow,up,navigation,false,20260308_111815,duong_thanh_mong_s1
timestamp_ms,key_code,event_type,key_class,is_modifier,session_id,user_id
862094.6358,UpArrow,down,navigation,false,20260308_111815,duong_thanh_mong_s1
timestamp_ms,key_code,event_type,key_class,is_modifier,session_id,user_id
862158.1583,UpArrow,up,navigation,false,20260308_111815,duong_thanh_mong_s1
timestamp_ms,key_code,event_type,key_class,is_modifier,session_id,user_id
862406.7723,RightArrow,down,navigation,false,20260308_111815,duong_thanh_mong_s1
timestamp_ms,key_code,event_type,key_class,is_modifier,session_id,user_id
862638.1556,RightArrow,up,navigation,false,20260308_111815,duong_thanh_mong_s1
timestamp_ms,key_code,event_type,key_class,is_modifier,session_id,user_id
863342.7108,DownArrow,down,navigation,false,20260308_111815,duong_thanh_mong_s1
timestamp_ms,key_code,event_type,key_class,is_modifier,session_id,user_id
863462.1658999999,DownArrow,up,navigation,false,20260308_111815,duong_thanh_mong_s1
timestamp_ms,key_code,event_type,key_class,is_modifier,session_id,user_id
863646.6223,DownArrow,down,navigation,false,20260308_111815,duong_thanh_mong_s1
timestamp_ms,key_code,event_type,key_class,is_modifier,session_id,user_id
863686.1845,DownArrow,up,navigation,false,20260308_111815,duong_thanh_mong_s1
timestamp_ms,key_code,event_type,key_class,is_modifier,session_id,user_id
864198.6303,DownArrow,down,navigation,false,20260308_111815,duong_thanh_mong_s1
timestamp_ms,key_code,event_type,key_class,is_modifier,session_id,user_id
864318.2085,DownArrow,up,navigation,false,20260308_111815,duong_thanh_mong_s1
timestamp_ms,key_code,event_type,key_class,is_modifier,session_id,user_id
864503.1758,LeftArrow,down,navigation,false,20260308_111815,duong_thanh_mong_s1
timestamp_ms,key_code,event_type,key_class,is_modifier,session_id,user_id
865017.3642,LeftArrow,down,navigation,false,20260308_111815,duong_thanh_mong_s1
timestamp_ms,key_code,event_type,key_class,is_modifier,session_id,user_id
865048.9272,LeftArrow,down,navigation,false,20260308_111815,duong_thanh_mong_s1
timestamp_ms,key_code,event_type,key_class,is_modifier,session_id,user_id
865080.2988,LeftArrow,down,navigation,false,20260308_111815,duong_thanh_mong_s1
timestamp_ms,key_code,event_type,key_class,is_modifier,session_id,user_id
865110.9711000001,LeftArrow,down,navigation,false,20260308_111815,duong_thanh_mong_s1
timestamp_ms,key_code,event_type,key_class,is_modifier,session_id,user_id
865141.1951,LeftArrow,down,navigation,false,20260308_111815,duong_thanh_mong_s1
timestamp_ms,key_code,event_type,key_class,is_modifier,session_id,user_id
865172.9564,LeftArrow,down,navigation,false,20260308_111815,duong_thanh_mong_s1
timestamp_ms,key_code,event_type,key_class,is_modifier,session_id,user_id
865203.3633,LeftArrow,down,navigation,false,20260308_111815,duong_thanh_mong_s1
timestamp_ms,key_code,event_type,key_class,is_modifier,session_id,user_id
865233.9685,LeftArrow,down,navigation,false,20260308_111815,duong_thanh_mong_s1
timestamp_ms,key_code,event_type,key_class,is_modifier,session_id,user_id
865280.8295999999,LeftArrow,down,navigation,false,20260308_111815,duong_thanh_mong_s1
timestamp_ms,key_code,event_type,key_class,is_modifier,session_id,user_id
865311.7548999999,LeftArrow,down,navigation,false,20260308_111815,duong_thanh_mong_s1
timestamp_ms,key_code,event_type,key_class,is_modifier,session_id,user_id
865342.1898,LeftArrow,down,navigation,false,20260308_111815,duong_thanh_mong_s1
timestamp_ms,key_code,event_type,key_class,is_modifier,session_id,user_id
865373.1201000001,LeftArrow,down,navigation,false,20260308_111815,duong_thanh_mong_s1
timestamp_ms,key_code,event_type,key_class,is_modifier,session_id,user_id
865404.523,LeftArrow,down,navigation,false,20260308_111815,duong_thanh_mong_s1
timestamp_ms,key_code,event_type,key_class,is_modifier,session_id,user_id
865434.3417999999,LeftArrow,down,navigation,false,20260308_111815,duong_thanh_mong_s1
timestamp_ms,key_code,event_type,key_class,is_modifier,session_id,user_id
865466.9447,LeftArrow,down,navigation,false,20260308_111815,duong_thanh_mong_s1
timestamp_ms,key_code,event_type,key_class,is_modifier,session_id,user_id
865497.8754,LeftArrow,down,navigation,false,20260308_111815,duong_thanh_mong_s1
timestamp_ms,key_code,event_type,key_class,is_modifier,session_id,user_id
865545.8364,LeftArrow,down,navigation,false,20260308_111815,duong_thanh_mong_s1
timestamp_ms,key_code,event_type,key_class,is_modifier,session_id,user_id
865575.863,LeftArrow,down,navigation,false,20260308_111815,duong_thanh_mong_s1
timestamp_ms,key_code,event_type,key_class,is_modifier,session_id,user_id
865608.9319,LeftArrow,down,navigation,false,20260308_111815,duong_thanh_mong_s1
timestamp_ms,key_code,event_type,key_class,is_modifier,session_id,user_id
865639.2454,LeftArrow,down,navigation,false,20260308_111815,duong_thanh_mong_s1
timestamp_ms,key_code,event_type,key_class,is_modifier,session_id,user_id
865670.6937000001,LeftArrow,down,navigation,false,20260308_111815,duong_thanh_mong_s1
timestamp_ms,key_code,event_type,key_class,is_modifier,session_id,user_id
865702.2237,LeftArrow,down,navigation,false,20260308_111815,duong_thanh_mong_s1
timestamp_ms,key_code,event_type,key_class,is_modifier,session_id,user_id
865732.6719,LeftArrow,down,navigation,false,20260308_111815,duong_thanh_mong_s1
timestamp_ms,key_code,event_type,key_class,is_modifier,session_id,user_id
865764.7689,LeftArrow,down,navigation,false,20260308_111815,duong_thanh_mong_s1
timestamp_ms,key_code,event_type,key_class,is_modifier,session_id,user_id
865796.9395999999,LeftArrow,down,navigation,false,20260308_111815,duong_thanh_mong_s1
timestamp_ms,key_code,event_type,key_class,is_modifier,session_id,user_id
865827.5623,LeftArrow,down,navigation,false,20260308_111815,duong_thanh_mong_s1
timestamp_ms,key_code,event_type,key_class,is_modifier,session_id,user_id
865874.6216,LeftArrow,down,navigation,false,20260308_111815,duong_thanh_mong_s1
timestamp_ms,key_code,event_type,key_class,is_modifier,session_id,user_id
865907.6455,LeftArrow,down,navigation,false,20260308_111815,duong_thanh_mong_s1
timestamp_ms,key_code,event_type,key_class,is_modifier,session_id,user_id
865936.9721,LeftArrow,down,navigation,false,20260308_111815,duong_thanh_mong_s1
timestamp_ms,key_code,event_type,key_class,is_modifier,session_id,user_id
865942.0846000001,LeftArrow,up,navigation,false,20260308_111815,duong_thanh_mong_s1
timestamp_ms,key_code,event_type,key_class,is_modifier,session_id,user_id
866454.694,RightArrow,down,navigation,false,20260308_111815,duong_thanh_mong_s1
timestamp_ms,key_code,event_type,key_class,is_modifier,session_id,user_id
866534.1346,RightArrow,up,navigation,false,20260308_111815,duong_thanh_mong_s1
timestamp_ms,key_code,event_type,key_class,is_modifier,session_id,user_id
866759.053,RightArrow,down,navigation,false,20260308_111815,duong_thanh_mong_s1
timestamp_ms,key_code,event_type,key_class,is_modifier,session_id,user_id
866814.4363000001,RightArrow,up,navigation,false,20260308_111815,duong_thanh_mong_s1
timestamp_ms,key_code,event_type,key_class,is_modifier,session_id,user_id
867238.5582000001,Space,down,alpha,false,20260308_111815,duong_thanh_mong_s1
timestamp_ms,key_code,event_type,key_class,is_modifier,session_id,user_id
867334.0876,Space,up,alpha,false,20260308_111815,duong_thanh_mong_s1
timestamp_ms,key_code,event_type,key_class,is_modifier,session_id,user_id
867470.5298,KeyN,down,alpha,false,20260308_111815,duong_thanh_mong_s1
timestamp_ms,key_code,event_type,key_class,is_modifier,session_id,user_id
867534.1719000001,KeyN,up,alpha,false,20260308_111815,duong_thanh_mong_s1
timestamp_ms,key_code,event_type,key_class,is_modifier,session_id,user_id
867662.434,KeyO,down,alpha,false,20260308_111815,duong_thanh_mong_s1
timestamp_ms,key_code,event_type,key_class,is_modifier,session_id,user_id
867750.5454,KeyS,down,alpha,false,20260308_111815,duong_thanh_mong_s1
timestamp_ms,key_code,event_type,key_class,is_modifier,session_id,user_id
867758.1113,KeyO,up,alpha,false,20260308_111815,duong_thanh_mong_s1
timestamp_ms,key_code,event_type,key_class,is_modifier,session_id,user_id
867822.1247,KeyS,up,alpha,false,20260308_111815,duong_thanh_mong_s1
timestamp_ms,key_code,event_type,key_class,is_modifier,session_id,user_id
867862.6181,Space,down,alpha,false,20260308_111815,duong_thanh_mong_s1
timestamp_ms,key_code,event_type,key_class,is_modifier,session_id,user_id
867926.1474,Space,up,alpha,false,20260308_111815,duong_thanh_mong_s1
timestamp_ms,key_code,event_type,key_class,is_modifier,session_id,user_id
868134.9058,KeyT,down,alpha,false,20260308_111815,duong_thanh_mong_s1
timestamp_ms,key_code,event_type,key_class,is_modifier,session_id,user_id
868198.2366,KeyT,up,alpha,false,20260308_111815,duong_thanh_mong_s1
timestamp_ms,key_code,event_type,key_class,is_modifier,session_id,user_id
868230.5454999999,KeyU,down,alpha,false,20260308_111815,duong_thanh_mong_s1
timestamp_ms,key_code,event_type,key_class,is_modifier,session_id,user_id
868294.0965999999,KeyU,up,alpha,false,20260308_111815,duong_thanh_mong_s1
timestamp_ms,key_code,event_type,key_class,is_modifier,session_id,user_id
868430.7862000001,KeyJ,down,alpha,false,20260308_111815,duong_thanh_mong_s1
timestamp_ms,key_code,event_type,key_class,is_modifier,session_id,user_id
868462.6675,KeyW,down,alpha,false,20260308_111815,duong_thanh_mong_s1
timestamp_ms,key_code,event_type,key_class,is_modifier,session_id,user_id
868510.1248,KeyJ,up,alpha,false,20260308_111815,duong_thanh_mong_s1
timestamp_ms,key_code,event_type,key_class,is_modifier,session_id,user_id
868550.2271,KeyW,up,alpha,false,20260308_111815,duong_thanh_mong_s1
timestamp_ms,key_code,event_type,key_class,is_modifier,session_id,user_id
868591.2456,Space,down,alpha,false,20260308_111815,duong_thanh_mong_s1
timestamp_ms,key_code,event_type,key_class,is_modifier,session_id,user_id
868646.2158,Space,up,alpha,false,20260308_111815,duong_thanh_mong_s1
timestamp_ms,key_code,event_type,key_class,is_modifier,session_id,user_id
868862.7992,KeyB,down,alpha,false,20260308_111815,duong_thanh_mong_s1
timestamp_ms,key_code,event_type,key_class,is_modifier,session_id,user_id
868926.1011999999,KeyB,up,alpha,false,20260308_111815,duong_thanh_mong_s1
timestamp_ms,key_code,event_type,key_class,is_modifier,session_id,user_id
869070.9209,KeyO,down,alpha,false,20260308_111815,duong_thanh_mong_s1
timestamp_ms,key_code,event_type,key_class,is_modifier,session_id,user_id
869158.0824,KeyO,up,alpha,false,20260308_111815,duong_thanh_mong_s1
timestamp_ms,key_code,event_type,key_class,is_modifier,session_id,user_id
869166.6285,KeyR,down,alpha,false,20260308_111815,duong_thanh_mong_s1
timestamp_ms,key_code,event_type,key_class,is_modifier,session_id,user_id
869222.3202,KeyR,up,alpha,false,20260308_111815,duong_thanh_mong_s1
timestamp_ms,key_code,event_type,key_class,is_modifier,session_id,user_id
869287.4643,Space,down,alpha,false,20260308_111815,duong_thanh_mong_s1
timestamp_ms,key_code,event_type,key_class,is_modifier,session_id,user_id
869350.0904999999,Space,up,alpha,false,20260308_111815,duong_thanh_mong_s1
timestamp_ms,key_code,event_type,key_class,is_modifier,session_id,user_id
869406.9702000001,KeyQ,down,alpha,false,20260308_111815,duong_thanh_mong_s1
timestamp_ms,key_code,event_type,key_class,is_modifier,session_id,user_id
869478.1799999999,KeyQ,up,alpha,false,20260308_111815,duong_thanh_mong_s1
timestamp_ms,key_code,event_type,key_class,is_modifier,session_id,user_id
869534.8633999999,KeyU,down,alpha,false,20260308_111815,duong_thanh_mong_s1
timestamp_ms,key_code,event_type,key_class,is_modifier,session_id,user_id
869606.1587,KeyU,up,alpha,false,20260308_111815,duong_thanh_mong_s1
timestamp_ms,key_code,event_type,key_class,is_modifier,session_id,user_id
869630.5225999999,KeyA,down,alpha,false,20260308_111815,duong_thanh_mong_s1
timestamp_ms,key_code,event_type,key_class,is_modifier,session_id,user_id
869710.2235,KeyA,up,alpha,false,20260308_111815,duong_thanh_mong_s1
